region_id,delta_beta_orig,direction_orig,candidate_orig,p_edta,fdr_edta,delta_beta_edta,p_pax,fdr_pax,delta_beta_pax,p_eope,fdr_eope,delta_beta_eope,p_inter,fdr_inter,chr,start,end,type,symbol,sens_flag,eo_flag
258,-0.112173893297538,hypo,TRUE,0.0489760203338343,0.280087793405587,-0.092960096869285,0.0502752832686432,0.532037549463988,-0.154854349710751,0.00638843644624273,0.20089027896127,-0.130456275647322,0.357209491446144,0.790115427415125,chr1,25041136,25047404,gene_body,LINC02793,tube_robust_nominal,eope_nominal
547,-0.224723600994815,hypo,TRUE,8.25087119525982e-05,0.0169018904242399,-0.23156637797532,,,,0.000136608864074439,0.040773647658506,-0.18763012107587,0.297088766385536,0.760687731930795,chr1,53183346,53191509,gene_body,LOC105378724,tube_robust_fdr,eope_fdr
603,-0.132146810648407,hypo,TRUE,0.00100629970465034,0.0418432137912224,-0.135347161269818,0.0746265276090583,0.599503924632368,-0.11942355169396,0.000184709618665624,0.0461775889513102,-0.0959569003155097,0.400934612015928,0.811122451229027,chr1,63173145,63198684,gene_body,LOC105378770,tube_robust_fdr,eope_fdr
612,-0.103070374147653,hypo,TRUE,0.0702086193594819,0.336840627276011,-0.0723327494685212,0.00959447931204588,0.317097199456565,-0.183110191233141,0.00470039049734303,0.178667851641174,-0.114440796705038,0.374102612687918,0.797829848637431,chr1,64203623,64267368,gene_body,UBE2U,direction_only,eope_nominal
1165,0.115742421793182,hyper,TRUE,0.000233671972163877,0.0231416912002403,0.164610978737794,0.774681474246903,0.952266919059482,0.018219500606689,0.00157212273683357,0.110122237863345,0.128509450010593,0.0840294632838118,0.641405319866875,chr1,157273701,157283968,gene_body,LINC02772,tube_robust_fdr,eope_nominal
1211,0.110122641681297,hyper,TRUE,0.0242664640301153,0.198556535554354,0.11773585436371,0.423231139132277,0.884389327501824,0.0756618182921487,0.015092956769131,0.2860439341742,0.122689021851849,0.820293540379208,0.955876611996396,chr1,161118086,161125445,gene_body,NIT1,tube_robust_nominal,eope_nominal
1293,0.100878884628961,hyper,TRUE,0.000124201638871625,0.0187529204002849,0.0733454938964171,0.0210797068178352,0.412339630924483,0.120221877393077,4.34572565291197e-05,0.0250714151860793,0.0977293953534325,0.345279859579681,0.78434260170223,chr1,171781660,171814023,gene_body,METTL13,tube_robust_fdr,eope_fdr
1673,0.127798272195652,hyper,TRUE,0.00767211004584888,0.109004321711962,0.129760889674333,0.1995091533402,0.786084010759931,0.11167459609861,0.00217200642081652,0.126298230216422,0.160853786868623,0.981720619136772,0.994555473507383,chr1,234751467,234775831,gene_body,LOC107985364,tube_robust_nominal,eope_nominal
1769,0.20832985692703,hyper,TRUE,0.000911121753080619,0.0401514790732573,0.252071298151545,0.169691793377946,0.753559348223214,0.147994369846963,0.000445913254216792,0.0630726220525293,0.228249018040973,0.42253053330506,0.820343546294685,chr1,586945,727211,gene_body,OR4F16,tube_robust_fdr,eope_nominal
2387,0.112358359016758,hyper,TRUE,0.000437242305325742,0.0291977979185441,0.108861990836823,0.0607204055891421,0.566399441124874,0.0988183420483951,0.00127468754429263,0.0991455219562383,0.103050276844522,0.638150054836298,0.902832547777231,chr1,77944055,77979110,gene_body,FUBP1,tube_robust_fdr,eope_nominal
2476,0.106410770875504,hyper,TRUE,0.000148533968970047,0.0199510264897829,0.108852339082293,0.152723284055267,0.733180480202023,0.0851477951190306,0.00570374397479791,0.191892097557506,0.0790862416837151,0.501665274014858,0.854909983679358,chr1,94974405,95072951,gene_body,ALG14,tube_robust_fdr,eope_nominal
2482,-0.15045478074135,hypo,TRUE,0.0394063121332967,0.253034209173281,-0.0921771086073,0.000270931410703503,0.116663239834295,-0.268028700459904,0.000159081016179109,0.0438184472722826,-0.165575875912881,0.0778021387877458,0.636665848958854,chr1,96254069,96374125,gene_body,LINC01787,tube_robust_nominal,eope_fdr
2861,0.116637747931916,hyper,TRUE,0.000186017272890317,0.021354825373013,0.165703307445207,0.763641226716593,0.950488548230286,0.0189263642871582,0.00141083077744887,0.104731399152372,0.128877398120353,0.0818284423486688,0.638186032192507,chr1,157225321,157279507,gene_body,LOC105371456,tube_robust_fdr,eope_nominal
2887,-0.149080175532624,hypo,TRUE,0.0523050078201729,0.289977194427999,-0.0875042618493449,0.000352058212128854,0.127628538081029,-0.253559473427187,0.00168820857713136,0.114319181365839,-0.152019917833617,0.0565736998165904,0.629965369916096,chr1,159346166,159469068,gene_body,LOC124904433,direction_only,eope_nominal
2925,0.139463253642678,hyper,TRUE,0.00653407828478391,0.100531208222896,0.104379285636974,0.000248646065542407,0.114666746647928,0.202158143333705,0.00027515100411803,0.0520931238261601,0.141353186353096,0.357914437440269,0.790418731256434,chr1,161171310,161177968,gene_body,B4GALT3,tube_robust_nominal,eope_nominal
3260,0.138973914375161,hyper,TRUE,0.0534502328555078,0.293093355759165,0.10571943634577,9.78133339698224e-05,0.0962696080405504,0.210987393322816,0.0349279073532912,0.390707304407373,0.105462039255932,0.645678706959246,0.904939672443194,chr1,218894466,219173961,gene_body,LYPLAL1-DT,direction_only,eope_nominal
3405,0.114893231444411,hyper,TRUE,0.000398018938418311,0.0287517955103314,0.131832312136704,0.382671256186601,0.87413743821908,0.0474532424352661,0.000341306131903435,0.0573610480797248,0.143019671386562,0.243317505532188,0.729045545187748,chr1,234745771,234772742,gene_body,LOC105373210,tube_robust_fdr,eope_nominal
3554,-0.178437896759777,hypo,TRUE,0.0266994817801452,0.208000743113369,-0.131894367277721,0.000836412020428638,0.1573533053567,-0.274646286287908,0.000863011076781169,0.0828127660073095,-0.197549249887178,0.145843400888452,0.675456064846683,chr2,11371440,11386310,gene_body,LOC124907734,tube_robust_nominal,eope_nominal
5447,0.1128286524489,hyper,TRUE,0.000170782538414551,0.020561436267093,0.108182661552551,0.0406384901109481,0.504146871598629,0.0905813473652323,2.17474431928867e-05,0.0173197110358654,0.128280554639954,0.668179514484506,0.911848568599703,chr2,127298668,127388465,gene_body,MAP3K2,tube_robust_fdr,eope_fdr
5890,-0.105760250499749,hypo,TRUE,0.128856128233948,0.452651702108302,-0.0688676566779787,0.00541467660785455,0.264834055688876,-0.190276131847666,0.00197096476708617,0.121865500016571,-0.133483766179186,0.193011467136241,0.701984331162968,chr2,230520594,230589562,gene_body,LOC112268431,direction_only,eope_nominal
5909,-0.10838558963307,hypo,TRUE,0.116556493691086,0.431297888101846,-0.0689490635551719,0.0101430809253367,0.321014981730206,-0.184758712615058,0.00281526483200048,0.142444896342745,-0.137546592278692,0.242492350499292,0.728756701258795,chr2,232543883,232550557,gene_body,TIGD1,direction_only,eope_nominal
6569,0.101570779316303,hyper,TRUE,3.09379396054059e-08,0.00113978463300276,0.115773489013494,0.175676585922479,0.761147780103126,0.0529411363179211,1.48835067334172e-05,0.0156028080752061,0.0978458886370647,0.0141658814363369,0.628769843037646,chr3,122514961,122518172,gene_body,LOC107984000,tube_robust_fdr,eope_fdr
6660,0.117265139826185,hyper,TRUE,2.387027695727e-08,0.00113978463300276,0.147320110122463,0.383437196235759,0.874229276457617,0.0337248490453572,1.83619079564501e-06,0.00734711148624431,0.122566266547712,0.047319049562411,0.628769843037646,chr3,133661926,133671344,gene_body,LOC124909487,tube_robust_fdr,eope_fdr
8537,0.104149988050369,hyper,TRUE,0.00361016361175532,0.0751630852048312,0.08909575090997,0.000118131695220614,0.0962696080405504,0.12323270330623,0.000715039000166439,0.0749502038672315,0.103596434695097,0.543225593529816,0.871449696423729,chr4,121801318,121817021,gene_body,EXOSC9,tube_robust_nominal,eope_nominal
8983,-0.117004035742952,hypo,TRUE,0.103664973078495,0.407590317308949,-0.0708194612391536,0.00204428751599226,0.201030889515424,-0.231230948440026,0.00677275256465126,0.206297452081447,-0.112874207032905,0.100453445502366,0.649684454725933,chr4,48063158,48134250,gene_body,TXK,direction_only,eope_nominal
9563,-0.106859617002904,hypo,TRUE,0.0313847067698258,0.225710888342744,-0.0785041888253417,0.00222768043304297,0.203385439723746,-0.161479085419509,0.0124352585445946,0.264322297158079,-0.0915996793105129,0.344254243947171,0.784003836412674,chr5,2266857,2278497,gene_body,LOC124901166,tube_robust_nominal,eope_nominal
9733,0.11242712961346,hyper,TRUE,0.000142927577834613,0.0199396843234939,0.123592556297655,0.00974030489617146,0.317659745197639,0.076687775222325,1.59709373873888e-05,0.0160297891977615,0.115014385702669,0.586041968380883,0.885506911801712,chr5,53109816,53127673,gene_body,MOCS2-DT,tube_robust_fdr,eope_fdr
10016,-0.110365790332844,hypo,TRUE,0.0317295412643109,0.226666728131067,-0.0477340209775061,0.00544362772486953,0.264834055688876,-0.213971056196095,0.000309511014157198,0.0550059292627469,-0.137210764124462,0.0102975111057482,0.628769843037646,chr5,125358095,125602227,gene_body,LINC02240,tube_robust_nominal,eope_nominal
10080,-0.11556077052412,hypo,TRUE,0.0022001307374961,0.0603087920387601,-0.116955112532289,0.146996085429093,0.727016941838737,-0.0985295610592468,0.00105792371834777,0.0917713280251545,-0.114457318238418,0.611477622108099,0.893572302927712,chr5,135821706,135826584,gene_body,LOC107986453,tube_robust_nominal,eope_nominal
11016,0.112140562146512,hyper,TRUE,2.58501626983709e-05,0.0120562883329801,0.139451254158922,0.624967851416329,0.923748954852645,0.0333414247238418,0.00227047354961243,0.128361052633982,0.111085793679294,0.129951922998708,0.667396142912972,chr5,141620876,141636849,gene_body,HDAC3,tube_robust_fdr,eope_nominal
12122,0.125698536680276,hyper,TRUE,0.161927649257874,0.504296591259929,0.0611605593248892,0.00210207417870926,0.201241483950505,0.253869177143381,4.40749310364329e-05,0.0252291103289719,0.166689397216064,0.0233440991528981,0.628769843037646,chr6,170438362,170441020,gene_body,LOC107986676,direction_only,eope_fdr
12268,-0.118554151372849,hypo,TRUE,0.0303709098320455,0.221607187388075,-0.0987790705653676,0.0510382084573248,0.535300477542823,-0.152330993972199,0.00033347737779867,0.0565591527637287,-0.161005002214508,0.576550298653732,0.883162344987031,chr6,25723397,25832052,gene_body,SLC17A1,tube_robust_nominal,eope_nominal
12522,-0.137220945624369,hypo,TRUE,0.0499634485174922,0.282663299575081,-0.0978947891198401,0.0345165437345121,0.476920713540221,-0.172192003719809,0.005641961726245,0.190758318042626,-0.158233759893722,0.314061310911309,0.768502079557078,chr6,53978549,54079726,gene_body,MLIP-AS1,tube_robust_nominal,eope_nominal
13097,0.114866127488091,hyper,TRUE,0.00973405032787363,0.123149776143267,0.0855836839416259,0.00291056237915474,0.219619173993861,0.16658474107046,0.00147160977237344,0.10669685973144,0.102224297585773,0.317603825554605,0.770776991536026,chr7,22854254,22892869,gene_body,LOC124901600,tube_robust_nominal,eope_nominal
13179,0.15534743442325,hyper,TRUE,0.0177728458940703,0.169191063458255,0.131145128543281,0.0110565715938743,0.329445926752704,0.239779884251934,0.00851851145552385,0.224790284634411,0.133169022841348,0.275500422032522,0.748210621178991,chr7,35313775,35377073,gene_body,LOC401324,tube_robust_nominal,eope_nominal
13180,0.18658174187493,hyper,TRUE,0.00628370624403867,0.098670771238507,0.167097614878179,0.0231628347390217,0.423530726590995,0.252948964648973,0.00344896402518985,0.157566198806699,0.162609462121301,0.401985965516029,0.811720625720042,chr7,35352291,35387339,gene_body,LOC105375230,tube_robust_nominal,eope_nominal
13497,-0.131901236749955,hypo,TRUE,0.057487325165477,0.304282553661676,-0.0702168447519822,0.00843545832122948,0.305645231228873,-0.246288305532003,0.0103996756232337,0.244348192606056,-0.13329843882121,0.0746235857662744,0.634820920562073,chr7,100307702,100322372,gene_body,SPDYE3,direction_only,eope_nominal
13934,0.1040738291932,hyper,TRUE,1.88146382916119e-05,0.0104509161850904,0.124162761508527,0.362632178600023,0.870777774135228,0.0567649362587376,6.92555126663002e-06,0.012376297945237,0.119637825103512,0.553094013762131,0.876049563004468,chr7,16599779,16645817,gene_body,ANKMY2,tube_robust_fdr,eope_fdr
14324,-0.102027475482249,hypo,TRUE,0.0516187992090647,0.287872870369536,-0.0878868376335379,0.0129230578848152,0.349882339882205,-0.137691159219889,0.00400289965162991,0.166901688493827,-0.121052259791365,0.471555091242551,0.842767963561839,chr7,95297676,95324532,gene_body,PON1,direction_only,eope_nominal
16058,-0.117627153515771,hypo,TRUE,0.0602822608458988,0.312093700368713,-0.0951052414578593,0.0189449815994704,0.3980789928949,-0.193697095936977,0.00507486049989514,0.183604042632988,-0.124707910120168,0.235829944938739,0.725827571009143,chr9,22640681,22824213,gene_body,LINC01239,direction_only,eope_nominal
16074,0.118950376760145,hyper,TRUE,3.46965956166441e-05,0.0132818489105261,0.119259735638394,0.0276968392043229,0.444059940863623,0.0893513858905148,4.30148502950966e-06,0.00984892208209824,0.130546326287375,0.965851212842921,0.991037670847311,chr9,32551144,32568621,gene_body,TZMP1,tube_robust_fdr,eope_fdr
16641,-0.14146325323454,hypo,TRUE,0.0826119458484197,0.365784111171399,-0.10878653451372,0.026127224227025,0.437449657021603,-0.201422473696958,0.0144741501555439,0.281397431947167,-0.154433414024004,0.474815440023653,0.843668395319729,chr9,134216220,134220291,gene_body,LOC101928384,direction_only,eope_nominal
18201,0.145349383002927,hyper,TRUE,0.000310334990046132,0.0260601376559428,0.16271983243627,0.112837879899805,0.678356782406401,0.109573394262422,0.000283933324815096,0.0530701805507072,0.140920314833159,0.415814391694933,0.817682407134029,chr10,125823546,125853695,gene_body,BCCIP,tube_robust_fdr,eope_nominal
18867,0.119359869039061,hyper,TRUE,0.000367350585646826,0.0276378684159102,0.142428329685572,0.606317375689552,0.920427307377578,0.0377252709342177,0.00783450321418748,0.217632310684418,0.102036097284836,0.126971577649616,0.665392169504451,chr10,114792371,114821669,gene_body,LOC124902508,tube_robust_fdr,eope_nominal
19524,0.111814569907882,hyper,TRUE,8.0727404290365e-05,0.0169018904242399,0.114911152768957,0.00709821558632808,0.290080429776155,0.117163343267773,3.1091317088734e-06,0.00823353611723697,0.121112613005753,0.855101853555222,0.964670690741478,chr11,66052331,66069308,gene_body,SF3B2,tube_robust_fdr,eope_fdr
19690,0.100448154986886,hyper,TRUE,0.000741698309722417,0.0367764568351057,0.104796578602108,0.231770152764262,0.812136047660474,0.0606349205059625,0.000855489145296012,0.0828127660073095,0.114118489485818,0.598342790670046,0.88870718533143,chr11,86201212,86279807,gene_body,EED,tube_robust_fdr,eope_nominal
20971,0.10931009469254,hyper,TRUE,0.000650434901734657,0.0344659426021853,0.106979211037066,0.0613075525225655,0.567942229643883,0.0814942714749285,2.46423084867516e-05,0.0180516978532287,0.127667106967023,0.702173204880264,0.922763557013642,chr12,389273,442642,gene_body,CCDC77,tube_robust_fdr,eope_fdr
21206,0.108547590234758,hyper,TRUE,0.00126252171784029,0.0465162512016569,0.147099836343307,0.654108241366874,0.927762493652101,0.0355345999904875,0.0113804779068398,0.255537480433027,0.0992371377291071,0.241440741680711,0.728102750387973,chr12,43758944,43798307,gene_body,IRAK4,tube_robust_fdr,eope_nominal
21412,0.104738715733098,hyper,TRUE,0.00165358838184652,0.0525641656275853,0.0915039073808885,0.00648194685278954,0.279992174646528,0.126083211266422,0.000761646955461815,0.0777229955149467,0.0963654074286412,0.830247936038246,0.958415806983644,chr12,59596029,59789855,gene_body,SLC16A7,tube_robust_nominal,eope_nominal
22142,0.118732158788129,hyper,TRUE,0.00129200545984316,0.0468331424184281,0.0994190907409725,0.0151224320781931,0.373204477604504,0.146969328021498,2.63525484984098e-05,0.0181102791255004,0.122623541556443,0.529261722685291,0.865494544968448,chr12,49097136,49110900,gene_body,LMBR1L,tube_robust_fdr,eope_fdr
22275,-0.156083785515757,hypo,TRUE,0.0350135436932909,0.238479194528477,-0.105869948470774,0.0058192570638946,0.270001079490378,-0.250221589977319,0.000556804073738767,0.0693535390700769,-0.193755360613895,0.0433061539333986,0.628769843037646,chr12,57028517,57051198,gene_body,MYO1A,tube_robust_nominal,eope_nominal
22387,-0.117750308522635,hypo,TRUE,0.0134351548407852,0.145878143085579,-0.114115903737934,0.0831867782946631,0.618429424036174,-0.0972208461588679,0.00210186046256253,0.124495726945428,-0.140630821092506,0.719218544105708,0.927844159637924,chr12,78303353,78359746,gene_body,LINC02424,tube_robust_nominal,eope_nominal
22933,-0.127864093953722,hypo,TRUE,0.0887861192719292,0.378687261673175,-0.0946351998059596,0.0114847103245314,0.334935915646335,-0.221780793118357,0.00350402435671055,0.158483396969271,-0.142249435094303,0.160664276824425,0.685594410620138,chr13,51861969,51866232,gene_body,CCDC70,direction_only,eope_nominal
23757,0.125352491048025,hyper,TRUE,9.79538907737256e-06,0.00722416346845088,0.117303577864783,0.00232454957364657,0.206887778330221,0.121212572453604,5.11201857064502e-08,0.0037455248865259,0.142731130448725,0.419972433123793,0.81939363678432,chr14,39432429,39514455,gene_body,LOC105370460,tube_robust_fdr,eope_fdr
23893,0.110396742887594,hyper,TRUE,3.095584955369e-06,0.005516021668539,0.124759187096068,0.0704327183069493,0.589407581128038,0.0581853675441368,4.88474330886042e-06,0.0102257216427684,0.116912208395285,0.232726972111264,0.723680005572956,chr14,69726900,69772005,gene_body,SRSF5,tube_robust_fdr,eope_fdr
24387,0.123618754568099,hyper,TRUE,0.000565967574492749,0.0326378096998678,0.117538574147052,0.00484497457340769,0.258360804323056,0.128420754516343,0.00030028366285622,0.0539332632648407,0.1085742585365,0.857310757629538,0.965342312414726,chr14,45115599,45135319,gene_body,FKBP3,tube_robust_fdr,eope_nominal
24986,0.101770098889175,hyper,TRUE,0.000619918324390465,0.0336589931416626,0.106170743009263,0.132674879967174,0.710420932942851,0.0771765666359943,0.00198684007488346,0.122209883838199,0.0979661499980299,0.641294571645292,0.904008736886965,chr15,42548828,42569994,gene_body,HAUS2,tube_robust_fdr,eope_nominal
25460,0.113009761526867,hyper,TRUE,0.000624329495138853,0.0337271504522579,0.0970366176162709,0.009655982958911,0.317437639966957,0.141787358384546,4.73943542027698e-05,0.0258889540755537,0.102533491219101,0.885306900910864,0.972357811032208,chr15,40686161,40695128,gene_body,RAD51-AS1,tube_robust_fdr,eope_fdr
26198,0.129729790928752,hyper,TRUE,8.14258443844616e-05,0.0169018904242399,0.165627769944684,0.631349041755308,0.925138554789737,0.029566942808767,0.000267513923400979,0.0516114388616507,0.148355897103611,0.139463144082773,0.671148030484648,chr16,30096363,30105193,gene_body,YPEL3-DT,tube_robust_fdr,eope_nominal
26358,0.21556026233436,hyper,TRUE,1.01947696023779e-05,0.0074373367707169,0.324822930370422,0.666207587834332,0.930355190662275,-0.053549995755878,0.00410094476518908,0.167861520670748,0.226271833052183,0.0112939321131268,0.628769843037646,chr16,57462660,57472009,gene_body,POLR2C,tube_robust_fdr,eope_nominal
27285,0.101857145051074,hyper,TRUE,2.6815814723778e-06,0.00534011583912814,0.112408958125092,0.0308877536112555,0.459983350941095,0.0676455222198522,1.80135604584511e-05,0.0168686142318886,0.100319228208087,0.246615596685013,0.731148287903941,chr17,2303383,2325260,gene_body,SRR,tube_robust_fdr,eope_fdr
27412,-0.11366139903645,hypo,TRUE,0.0789364354363066,0.357325946784908,-0.0776772767167394,0.00148227914140259,0.1864577906454,-0.191829248761216,0.0018729409700793,0.119432995593333,-0.1360195635603,0.228482358131324,0.721527207877305,chr17,12549528,12642854,gene_body,LINC00670,direction_only,eope_nominal
27720,0.119824459194859,hyper,TRUE,0.0533299411124853,0.292782982226606,0.0863778097161378,0.0250487717893188,0.431679028390465,0.198422402408781,0.00617819686810589,0.198018506705709,0.131985258266023,0.167296733413763,0.688097678278854,chr17,44186970,44191929,gene_body,TMUB2,direction_only,eope_nominal
27908,0.111840295538629,hyper,TRUE,5.5519318104853e-05,0.0154878020562102,0.104096503387954,0.073376334560562,0.596303312982874,0.117698968111616,0.000526645783814136,0.0681019904021661,0.104577203109801,0.86614547381615,0.967941965421031,chr17,67717931,67744531,gene_body,NOL11,tube_robust_fdr,eope_nominal
28364,-0.139976928055455,hypo,TRUE,0.00340275639896668,0.0728630912492481,-0.14828537433239,,,,0.00432350283921104,0.17231616031611,-0.11680433861932,0.602608837180645,0.890419054504586,chr17,28363506,28368012,gene_body,SEBOX,tube_robust_nominal,eope_nominal
29437,-0.118568150139252,hypo,TRUE,0.126684117733528,0.448529103014839,-0.0665958207709506,0.0020063444609897,0.19970700786714,-0.228148239163598,0.000562969368406553,0.0693535390700769,-0.15057038027787,0.0368460696029226,0.628769843037646,chr18,27305110,27392867,gene_body,LOC105372038,direction_only,eope_nominal
30451,-0.131898104892206,hypo,TRUE,0.0300795696323973,0.220881288584243,-0.120173420269802,0.0629499600486106,0.571825838951512,-0.164196427354322,0.0155310345044029,0.289774221314769,-0.133122445562912,0.883929956974735,0.971711879963749,chr19,53277462,53284947,gene_body,FAM90A27P,tube_robust_nominal,eope_nominal
30739,0.106874320749611,hyper,TRUE,0.000322125416522903,0.0263236348861844,0.110969934873401,0.131666975483639,0.708545611750469,0.0810898783213656,0.00232886632750239,0.129902269231156,0.101312329234373,0.474507570518773,0.84358904005654,chr19,6175873,6199572,gene_body,LOC105372255,tube_robust_fdr,eope_nominal
30748,-0.108087854197687,hypo,TRUE,0.0413933221452437,0.258243875606101,-0.0894053996187766,0.0138328383707621,0.359119585380637,-0.149986909267301,0.00121971328894485,0.0975896012560717,-0.125220420327663,0.46526470139852,0.841075420470913,chr19,6426037,6433779,gene_body,SLC25A41,tube_robust_nominal,eope_nominal
31006,0.122974789328051,hyper,TRUE,0.000151832430356741,0.0199887126485542,0.146960624782857,0.462208875891286,0.893950795517171,0.0621280664461823,0.00440230370151241,0.17367422348082,0.0930816790203097,0.0899669686781637,0.64405009051383,chr19,23399092,23416186,gene_body,LINC01224,tube_robust_fdr,eope_nominal
31435,-0.169782981562633,hypo,TRUE,0.0254343753733301,0.202995628927395,-0.141629649081401,0.000793411483926089,0.154597961255663,-0.273533554568037,0.00401338911882553,0.166901688493827,-0.145327539613049,0.167218847995057,0.688097678278854,chr19,54514203,54527171,gene_body,LOC105372460,tube_robust_nominal,eope_nominal
31606,-0.170807684303327,hypo,TRUE,0.00507714739369828,0.0891976683022304,-0.181406314596796,0.0718701436895793,0.593002625916076,-0.181128837741492,0.00125711725443588,0.0986030199141391,-0.185566219906276,0.810699062134808,0.95365316882487,chr20,12506863,12606143,gene_body,LOC124904871,tube_robust_nominal,eope_nominal
31774,-0.103987066223274,hypo,TRUE,0.000187582057632802,0.021354825373013,-0.0996904894183802,0.0506472027900494,0.533136225373453,-0.101952756629021,1.19133042795466e-05,0.0152489764506463,-0.123918150086949,0.723840297450219,0.929490030157443,chr20,38346482,38377013,gene_body,LBP,tube_robust_fdr,eope_fdr
31974,-0.118518902865828,hypo,TRUE,0.00576751194647156,0.0950287326137592,-0.116680546287843,0.09950455278975,0.651568413350645,-0.110181749115579,0.0411797887652149,0.41235879782578,-0.0907247947980992,0.756364216853064,0.938549080295983,chr20,62352970,62356482,gene_body,LAMA5-AS1,tube_robust_nominal,eope_nominal
31975,0.134947340294067,hyper,TRUE,0.000142862007166821,0.0199396843234939,0.147139255208889,0.123061232370417,0.693176786117889,0.0966635245813427,1.33262842346824e-05,0.0156028080752061,0.151681311030057,0.524677862812127,0.863598241415291,chr20,62387103,62388520,gene_body,RPS21,tube_robust_fdr,eope_fdr
32352,-0.175138920049009,hypo,TRUE,0.257400932992465,0.619239387101759,-0.0819591966503263,0.00183150160876098,0.195897328780056,-0.339697156490072,0.0286605798782997,0.36337122779008,-0.178014342818847,0.0391986978232698,0.628769843037646,chr20,45886491,45887622,gene_body,SPATA25,direction_only,eope_nominal
33406,0.134663784882171,hyper,TRUE,0.0162543016874112,0.161560698358537,0.132730769882111,0.218869338964904,0.802920337433966,0.143988313257106,0.000887692537874065,0.084140161135181,0.183401272775753,0.429734671177443,0.82372019107982,chr22,18533646,18577968,gene_body,PI4KAP1,tube_robust_nominal,eope_nominal
35264,0.10136539684009,hyper,TRUE,0.00477371695914978,0.0866710168409123,0.0857054154635132,0.161402884194582,0.743297815707531,0.0923572660421902,0.00690211577010838,0.208197250045315,0.103700296118752,0.964112613193202,0.990521447064041,chr1,10030832,10034831,promoter_TSS2kb,UBE4B,tube_robust_nominal,eope_nominal
36496,0.121282579310014,hyper,TRUE,0.000160632691617331,0.0202104017437733,0.124214149303215,0.0142582293608568,0.364304069120935,0.100750016947704,0.000123473861748694,0.0395057047007207,0.112430711000411,0.419146171191538,0.819161584752418,chr1,179880042,179884041,promoter_TSS2kb,TOR1AIP1,tube_robust_fdr,eope_fdr
36931,0.20962834769094,hyper,TRUE,0.000737248964392864,0.0367351365618197,0.274050152852781,0.255209601355401,0.825684851001025,0.131306770035862,0.000142353261971665,0.041112378246746,0.24895294230747,0.45101613972651,0.83428392430294,chr1,629151,633150,promoter_TSS2kb,LOC101928626,tube_robust_fdr,eope_fdr
37915,-0.111594476680604,hypo,TRUE,0.0833576048047503,0.367787884683457,-0.084756673301227,0.0518102814160471,0.538466113745676,-0.169102902024927,0.0135650535055196,0.273941595752452,-0.121304879080399,0.254945241948543,0.73545679326926,chr1,151851713,151855712,promoter_TSS2kb,THEM5,direction_only,eope_nominal
38022,0.116509212285689,hyper,TRUE,0.000255453088850565,0.0238558865560042,0.164737650228531,0.762139331375161,0.950204481715704,0.0196081031207058,0.00169259491395151,0.11451037557739,0.129125337963018,0.0881936207016552,0.642350457801557,chr1,157277508,157281507,promoter_TSS2kb,LOC105371456,tube_robust_fdr,eope_nominal
38071,0.113575752673324,hyper,TRUE,0.00475975964822737,0.0865306218605204,0.123822690209687,0.279898043494651,0.840532566959725,0.0861033807462379,0.0688608692507197,0.493706126060853,0.0784049458624797,0.381283179248166,0.800756752988112,chr1,160709832,160713831,promoter_TSS2kb,CD48,tube_robust_nominal,not_eope
38086,0.127971940547265,hyper,TRUE,0.00548737278907143,0.0929472647918072,0.100648314686859,0.00118966945136029,0.176775796943019,0.17164153048795,0.000331522151662251,0.0564938701253102,0.13210661359542,0.557335905338952,0.877070840405612,chr1,161175969,161179968,promoter_TSS2kb,B4GALT3,tube_robust_nominal,eope_nominal
40427,-0.100336424645044,hypo,TRUE,0.189820486013196,0.542127720083117,-0.0560343459526629,0.0118112826324216,0.339116300878357,-0.181561761681334,0.0145059032387942,0.281551564356082,-0.111006383856797,0.134870195573422,0.668785382929912,chr2,95831964,95835963,promoter_TSS2kb,LINC00342,direction_only,eope_nominal
41612,0.113883083878928,hyper,TRUE,0.00352027207034251,0.0742009007535816,0.0990843415737773,0.00313681504475165,0.226138035128235,0.158783689127407,0.000311648570264196,0.0550059292627469,0.117296781427931,0.373096500292074,0.797799721837427,chr3,99815837,99819836,promoter_TSS2kb,CMSS1,tube_robust_nominal,eope_nominal
41613,0.113883083878928,hyper,TRUE,0.00352027207034251,0.0742009007535816,0.0990843415737773,0.00313681504475165,0.226138035128235,0.158783689127407,0.000311648570264196,0.0550059292627469,0.117296781427931,0.373096500292074,0.797799721837427,chr3,99815912,99819911,promoter_TSS2kb,LOC105374010,tube_robust_nominal,eope_nominal
42116,0.103899815540066,hyper,TRUE,0.0101709002332487,0.126269969837613,0.0781120424652606,0.00802833735154903,0.302369866479925,0.130563424004752,0.000164103969469751,0.0442394745419661,0.12094239864618,0.421315748721874,0.819943120194072,chr3,194581991,194585990,promoter_TSS2kb,TMEM44-AS1,tube_robust_nominal,eope_fdr
43097,-0.100357367458035,hypo,TRUE,0.132035890725122,0.457654372408023,-0.0834253804188015,0.0307671975069895,0.459607116081982,-0.154210679998495,0.0358030569916197,0.393612604601527,-0.102026455007022,0.733257882298629,0.932595156454242,chr3,195013194,195017193,promoter_TSS2kb,LOC105374295,direction_only,eope_nominal
45289,0.107242781836889,hyper,TRUE,0.00152572294122419,0.0504344180149309,0.103925199531317,0.0520096336939004,0.538661572261962,0.127418279086283,0.000634940860514853,0.0718399252732761,0.0973791618097607,0.823804284300975,0.956912260620388,chr5,140637435,140641434,promoter_TSS2kb,TMCO6,tube_robust_nominal,eope_nominal
46470,0.107614197194624,hyper,TRUE,4.16839046475597e-06,0.00585887450832705,0.138666494457082,0.306576367364097,0.852422875803694,0.0552666950510981,8.98929304175462e-05,0.0367953358590123,0.105372838824268,0.270592555025192,0.745550632721345,chr6,8100711,8104710,promoter_TSS2kb,LOC105374910,tube_robust_fdr,eope_fdr
46471,0.107614197194624,hyper,TRUE,4.16839046475597e-06,0.00585887450832705,0.138666494457082,0.306576367364097,0.852422875803694,0.0552666950510981,8.98929304175462e-05,0.0367953358590123,0.105372838824268,0.270592555025192,0.745550632721345,chr6,8100737,8104736,promoter_TSS2kb,LOC105374911,tube_robust_fdr,eope_fdr
47283,0.1276404842213,hyper,TRUE,0.15797773876885,0.499297569810895,0.0621031483792354,0.0017592429575793,0.195420132709547,0.258826965398764,4.26856966139326e-05,0.0248217325810018,0.168667096521275,0.0218510322077193,0.628769843037646,chr6,170436362,170440361,promoter_TSS2kb,LOC107986676,direction_only,eope_fdr
47344,0.107614197194624,hyper,TRUE,4.16839046475597e-06,0.00585887450832705,0.138666494457082,0.306576367364097,0.852422875803694,0.0552666950510981,8.98929304175462e-05,0.0367953358590123,0.105372838824268,0.270592555025192,0.745550632721345,chr6,8100560,8104559,promoter_TSS2kb,EEF1E1-BLOC1S5,tube_robust_fdr,eope_fdr
47345,0.107625753232917,hyper,TRUE,4.15781977545325e-06,0.00585887450832705,0.138681286186097,0.306576367364097,0.852422875803694,0.0552666950510981,8.9752069113305e-05,0.0367953358590123,0.105384394862561,0.270474830063651,0.745550632721345,chr6,8100549,8104548,promoter_TSS2kb,EEF1E1,tube_robust_fdr,eope_fdr
49802,-0.114262538590628,hypo,TRUE,0.0486236019658495,0.279170337604593,-0.0840814029203903,0.0225267063653128,0.419683727972932,-0.170760002055279,0.00199859101430914,0.122437094504529,-0.139272077099518,0.280608202010989,0.750750098984249,chr7,151431640,151435639,promoter_TSS2kb,MIR3907,tube_robust_nominal,eope_nominal
50400,-0.124418266941961,hypo,TRUE,0.00028622773679693,0.0252875684684309,-0.147984450772361,,,,0.00397789028363873,0.166591677162273,-0.143049856787598,0.15652823903511,0.68387145935665,chr8,134754512,134758511,promoter_TSS2kb,LOC124902071,tube_robust_fdr,eope_nominal
51775,0.111460880115084,hyper,TRUE,0.000552286568876728,0.0323947967690527,0.115681987195617,0.117448726558224,0.686599909530464,0.0822520285819668,3.76603660444918e-05,0.0233842149128294,0.137133345669898,0.864542545996018,0.967479488926031,chr9,131123573,131127572,promoter_TSS2kb,NUP214,tube_robust_fdr,eope_fdr
52552,-0.13992284561962,hypo,TRUE,0.0816899844187517,0.363888606005832,-0.108755847911259,0.0257264791650528,0.435845076139001,-0.19836529369468,0.0148366958840876,0.283776771392736,-0.151726959091449,0.508794560550041,0.857601582951548,chr9,134215920,134219919,promoter_TSS2kb,LOC107987137,direction_only,eope_nominal
52982,0.100818885224743,hyper,TRUE,0.000141064656385093,0.0199396843234939,0.120730872320548,0.222247949036627,0.805015664337918,0.0515707160732037,0.000102455837989176,0.0379133171395402,0.100653981467217,0.0325336503314608,0.628769843037646,chr10,68329174,68333173,promoter_TSS2kb,HNRNPH3,tube_robust_fdr,eope_fdr
54354,0.112368795770962,hyper,TRUE,0.00610963787172467,0.097313086395248,0.11122825046651,0.049439721940552,0.530856608768556,0.108011508449331,0.00122265360656664,0.0975896012560717,0.1096186854401,0.606367149464417,0.891439421834552,chr11,27504808,27508807,promoter_TSS2kb,BDNF-AS,tube_robust_nominal,eope_nominal
54793,0.159605008853309,hyper,TRUE,0.00163188019082323,0.0522556263451704,0.137975676451898,0.0719150605916056,0.593178497952611,0.18839517153999,0.0028189971160652,0.142444896342745,0.161361104939924,0.615642374401095,0.89544896602479,chr11,73874699,73878698,promoter_TSS2kb,PAAF1,tube_robust_nominal,eope_nominal
55383,0.112368795770962,hyper,TRUE,0.00610963787172467,0.097313086395248,0.11122825046651,0.049439721940552,0.530856608768556,0.108011508449331,0.00122265360656664,0.0975896012560717,0.1096186854401,0.606367149464417,0.891439421834552,chr11,27504770,27508769,promoter_TSS2kb,LIN7C,tube_robust_nominal,eope_nominal
55768,0.116388098054877,hyper,TRUE,0.0143492394328066,0.151292860566337,0.10437838322417,0.210326626572273,0.796611873014766,0.116950260242137,0.0330509226794918,0.38371225698046,0.102440369005084,0.789045303177493,0.947843198953794,chr11,73874902,73878901,promoter_TSS2kb,COA4,tube_robust_nominal,eope_nominal
56107,0.101583997421935,hyper,TRUE,0.0019056613892012,0.0565042022048783,0.107391165266939,0.0737798365073409,0.597427017601427,0.0881668479406014,0.00426857124685457,0.171560036580246,0.0948670158766984,0.788796306343733,0.947757018825847,chr11,129893591,129897590,promoter_TSS2kb,NFRKB,tube_robust_nominal,eope_nominal
57400,0.14479742803152,hyper,TRUE,0.000493830445445799,0.0308958526753526,0.121606843366027,0.000572486361310166,0.148201223251814,0.156100756451044,7.67831874894785e-07,0.00511438851287873,0.16590641292635,0.137664498402938,0.670522643222571,chr12,55645245,55649244,promoter_TSS2kb,LOC124902940,tube_robust_fdr,eope_fdr
58104,-0.107283300012923,hypo,TRUE,0.0579861788558759,0.305646440403245,-0.0954995494350911,0.0762343246677579,0.60233918145413,-0.115086757576959,0.00438295347177847,0.173227542768835,-0.142144877214857,0.834342532988619,0.959436543529681,chr13,53026813,53030812,promoter_TSS2kb,OLFM4,direction_only,eope_nominal
58964,0.102298982685001,hyper,TRUE,5.26689198271287e-05,0.015278548624813,0.111915161300148,0.00180471632134166,0.195592228340002,0.0666156089628718,7.29532547667675e-06,0.0125857345927247,0.100394969711916,0.283114750618119,0.752476635906694,chr14,52705178,52709177,promoter_TSS2kb,PSMC6,tube_robust_fdr,eope_fdr
59865,0.13898059444033,hyper,TRUE,0.0123010389003334,0.139874904710017,0.116859641751421,0.0359478734713971,0.482020714687989,0.157099187400327,0.0288426408612353,0.364419978144826,0.11624068909348,0.827933878171912,0.957860031492731,chr14,101808322,101812321,promoter_TSS2kb,LOC124903388,tube_robust_nominal,eope_nominal
59878,-0.167052880016234,hypo,TRUE,0.039971119088332,0.254940923723403,-0.165240853090833,0.0502711199518256,0.532037549463988,-0.187705780875235,0.0194522191605736,0.316057742119885,-0.163627736288597,0.555528304147902,0.876511279713612,chr14,103511443,103515442,promoter_TSS2kb,LOC112268130,tube_robust_nominal,eope_nominal
60662,0.10366311231423,hyper,TRUE,0.0297369880984565,0.219504814442006,0.0709488460640177,0.0240203787883196,0.427294380678491,0.158065840868735,0.00278314669928085,0.141413575249382,0.119601387668949,0.0654200005335103,0.632184463901728,chr15,43797134,43801133,promoter_TSS2kb,ELL3,tube_robust_nominal,eope_nominal
61706,-0.157191658246287,hypo,TRUE,0.0039317881681011,0.0785130707069782,-0.164265848802527,0.109933285238419,0.672627322921853,-0.129507467540952,0.0100289829861111,0.240606926787614,-0.128373462648485,0.405286440249609,0.813257178796877,chr16,85128343,85132342,promoter_TSS2kb,LINC02139,tube_robust_nominal,eope_nominal
61757,-0.162507267434356,hypo,TRUE,0.0176939904899235,0.168636477464564,-0.114270452519434,0.000451757485374459,0.140443836708535,-0.277116306537832,0.0022091194425439,0.127087876891275,-0.154906656842544,0.0940750645326163,0.646957560480437,chr16,89318452,89322451,promoter_TSS2kb,LOC100287036,tube_robust_nominal,eope_nominal
61928,-0.110674215351169,hypo,TRUE,0.028885250659595,0.216491001841143,-0.123257847858785,0.125272578536871,0.697067663719821,-0.100788461353727,0.00446623373357068,0.174566978630649,-0.131864248587585,0.720953595350223,0.928401636693607,chr16,14368336,14372335,promoter_TSS2kb,LINC02130,tube_robust_nominal,eope_nominal
62596,0.107092122653869,hyper,TRUE,0.0250192402509987,0.201536036215007,0.0862876086903028,0.0348991437013792,0.478306872948772,0.134247374575886,0.00433904704828519,0.172500074976022,0.104957806262782,0.763471130812813,0.940619098310423,chr17,16378798,16382797,promoter_TSS2kb,UBB,tube_robust_nominal,eope_nominal
62784,0.10819391485631,hyper,TRUE,0.00010682309550212,0.0180526131256587,0.134079067780975,0.687462891035322,0.934682470327534,0.0144439482772893,0.00053157629857619,0.068148677874781,0.118495338949612,0.0226095445641101,0.628769843037646,chr17,38823838,38827837,promoter_TSS2kb,MIR4727,tube_robust_fdr,eope_nominal
63007,-0.107638003899293,hypo,TRUE,0.0268809973696788,0.20824788646753,-0.119132554149439,0.328382746107811,0.858535863617805,-0.0861751429628234,0.0110238026894671,0.251391666270401,-0.119499400010037,0.741217391650062,0.934760023132873,chr17,59195566,59199565,promoter_TSS2kb,SMG8,tube_robust_nominal,eope_nominal
63444,0.106538412797834,hyper,TRUE,0.0260125985396418,0.205484224061991,0.0855788600745774,0.0348991437013792,0.478306872948772,0.134247374575886,0.00447680946712783,0.174566978630649,0.104404096406747,0.75621011742228,0.938472781018183,chr17,16378675,16382674,promoter_TSS2kb,LOC124903937,tube_robust_nominal,eope_nominal
63782,-0.132460365641369,hypo,TRUE,0.10838954944497,0.416689257230974,-0.0934563552139008,0.00403415883501392,0.243079850186307,-0.212942493788911,0.00480850407054092,0.179896559274965,-0.156521567604222,0.270448313121493,0.745550632721345,chr17,47955884,47959883,promoter_TSS2kb,PRR15L,direction_only,eope_nominal
63788,0.143881019503913,hyper,TRUE,0.000615235586367564,0.0336589931416626,0.18717219895983,0.65084712596175,0.927510798966602,0.0226270175495281,0.0073940006864192,0.213371814215537,0.127016000338405,0.063611177774712,0.632184463901728,chr17,48154512,48158511,promoter_TSS2kb,MIR1203,tube_robust_fdr,eope_nominal
64783,-0.108318446397695,hypo,TRUE,0.118481937708413,0.434490258037175,-0.0835896942205247,0.00669517925629614,0.283269659272834,-0.195742874503128,0.00570600052737764,0.191892097557506,-0.114486532992858,0.281191104195053,0.750993521752945,chr18,75519945,75523944,promoter_TSS2kb,LOC105372202,direction_only,eope_nominal
66253,0.102908220169841,hyper,TRUE,0.0730455781833064,0.34435554808713,0.0822501494768162,0.00337181871152056,0.230689928528487,0.156956898810306,0.0117719590767477,0.258781779056173,0.108634065317984,0.47408948041538,0.843504970724353,chr19,36526272,36530271,promoter_TSS2kb,ZNF260,direction_only,eope_nominal
66523,-0.104816615361161,hypo,TRUE,0.000315885464854257,0.0261547022055181,-0.130591999402041,0.414652610770822,0.882943240648711,-0.0437941886032334,0.000962193461776388,0.08768526461554,-0.116447105231362,0.0471805720576806,0.628769843037646,chr19,50925572,50929571,promoter_TSS2kb,PPIAP59,tube_robust_fdr,eope_nominal
66533,-0.160263715043127,hypo,TRUE,0.0198502190355029,0.178977464387412,-0.155683728036669,,,,0.00247324636373662,0.134029266998213,-0.17993029379584,0.998310209172505,0.999612735189178,chr19,51082246,51086245,promoter_TSS2kb,KLK14,tube_robust_nominal,eope_nominal
66651,0.126272415995738,hyper,TRUE,0.00169798545803436,0.0530580850376963,0.125407914163395,0.179487650732158,0.765276091440566,0.112076599085515,0.000107569432054957,0.0384462753469355,0.15899874445231,0.880041025359893,0.971041300333753,chr19,57914611,57918610,promoter_TSS2kb,ZNF417,tube_robust_nominal,eope_fdr
66708,0.111985801401688,hyper,TRUE,0.00212188405918179,0.0591364674820516,0.110388505572667,0.0302984587015178,0.456869701270487,0.103151844786453,0.000904264702503579,0.0851011488575609,0.106763966175837,0.324415352043966,0.774201568248171,chr20,2662352,2666351,promoter_TSS2kb,IDH3B-DT,tube_robust_nominal,eope_nominal
66761,0.113342164148886,hyper,TRUE,0.000831368027622449,0.0383334536991723,0.101052173411732,0.00173956516109782,0.195420132709547,0.116164453186973,0.000231271988112818,0.0489009888629692,0.10458089441065,0.802467963504892,0.951719135264917,chr20,10433305,10437304,promoter_TSS2kb,SLX4IP,tube_robust_fdr,eope_fdr
67054,-0.121060043642021,hypo,TRUE,0.00679535944183922,0.102560389488749,-0.102646767513225,0.0107710379574006,0.326117292287312,-0.179720221421902,0.000224157797007154,0.0487320632541775,-0.12587750523299,0.264929338525876,0.742400460642114,chr20,50583786,50587785,promoter_TSS2kb,MIR645,tube_robust_nominal,eope_fdr
67222,0.112128877282425,hyper,TRUE,0.00211299937536961,0.0590777658921924,0.110491858953509,0.0309026321095752,0.459994085827475,0.103315383118657,0.00090309762553123,0.0851011488575609,0.106843611191301,0.323433963908047,0.773863260236354,chr20,2662220,2666219,promoter_TSS2kb,IDH3B,tube_robust_nominal,eope_nominal
69721,-0.140234310974797,hypo,TRUE,0.0320758419693408,0.228040543032128,-0.108647755842012,0.00491478762205692,0.25863789926108,-0.209131119523988,0.000953276506250971,0.087307020420628,-0.170378738454452,0.237979947845313,0.726932140742808,chrX,48194796,48198795,promoter_TSS2kb,SSX5,tube_robust_nominal,eope_nominal
70418,0.189353467307625,hyper,TRUE,0.00630774437405186,0.0988235638887709,0.168938973694353,0.00569269777568562,0.268178704850905,0.239399831725631,0.000791661956428086,0.0798812694751349,0.169004963972984,0.990010523664161,0.997206699547982,chr11,27505200,27508001,regbuild_promoter,"",tube_robust_nominal,eope_nominal
71018,0.142462090839967,hyper,TRUE,0.0121241822488062,0.138781108661883,0.119691892381646,0.0259666712206328,0.437365382618895,0.169024348255385,0.0248131207537951,0.347151526543787,0.122630636055513,0.709405138006631,0.924672355589038,chr14,101808600,101813001,regbuild_promoter,"",tube_robust_nominal,eope_nominal
71427,-0.14698824114852,hypo,TRUE,0.0372502102088518,0.24615874337297,-0.111843747386781,0.00218492305046916,0.201930532372425,-0.241249266851876,0.000507475183045329,0.0672604127011915,-0.174699356022863,0.136873361032649,0.670038680676151,chr1,43932001,43932201,regbuild_promoter,"",tube_robust_nominal,eope_nominal
73424,0.107548282105926,hyper,TRUE,4.04864590139853e-06,0.00585887450832705,0.138871600964663,0.310894199695203,0.853722303138349,0.0545313932147453,8.88889630374506e-05,0.0367953358590123,0.105220980487752,0.260174864623606,0.738476232877558,chr6,8100000,8103401,regbuild_promoter,"",tube_robust_fdr,eope_fdr
73693,0.103413308505491,hyper,TRUE,0.000234281569877596,0.0231691799709911,0.113725017492378,0.0968224215376696,0.645423197874861,0.0623470074357864,0.000231049825737141,0.0489009888629692,0.104649990656577,0.170354970430483,0.688895579207001,chr2,121754400,121757601,regbuild_promoter,"",tube_robust_fdr,eope_fdr
74671,0.101245601737361,hyper,TRUE,0.0010212040817728,0.0421301003097333,0.0977164853481395,0.0375229833590821,0.490298504500099,0.0938832870591362,0.000189719386803951,0.0461775889513102,0.113428732989071,0.847029998004814,0.96287288993351,chrX,131802600,131803601,regbuild_promoter,"",tube_robust_fdr,eope_fdr
81182,0.120998269888619,hyper,TRUE,0.000164695146487084,0.0202104017437733,0.12391548733826,0.0144606840368143,0.365338527748427,0.100551717563225,0.000126254114299039,0.039990124372308,0.112314293879817,0.420766122913448,0.819691538019567,chr1,179880600,179884801,regbuild_promoter,"",tube_robust_fdr,eope_fdr
81213,0.120930927427941,hyper,TRUE,0.0013949810754011,0.048323928348709,0.113893177709915,0.141642467415968,0.720219179815806,0.11252435134564,0.00110811254475991,0.093753230995397,0.124591576161674,0.844674148454685,0.962003164773506,chr17,50943200,50945401,regbuild_promoter,"",tube_robust_fdr,eope_nominal
81229,0.115354698583977,hyper,TRUE,0.0160147113625793,0.159956074639768,0.103006898957949,0.210326626572273,0.796611873014766,0.116950260242137,0.0371027105247142,0.397322200735937,0.101083564709291,0.796734261594571,0.950024648777451,chr11,73875200,73878401,regbuild_promoter,"",tube_robust_nominal,eope_nominal
83412,-0.147912625439852,hypo,TRUE,0.123188959388104,0.442890116196659,-0.0804263413537717,0.000324884287251375,0.125401860180771,-0.287797376398098,0.000390912990232708,0.0597949976646353,-0.184103810833591,0.0188839367101643,0.628769843037646,chr1,32765200,32767201,regbuild_promoter,"",direction_only,eope_nominal
84604,-0.13923543991367,hypo,TRUE,0.0913441373832605,0.384134394764762,-0.0778995409213961,8.60387483068756e-07,0.0207009228426343,-0.260183595557337,0.00423052266652081,0.171016167111298,-0.138624907621417,0.0610136710182598,0.632184463901728,chr17,39449600,39452401,regbuild_promoter,"",direction_only,eope_nominal
86046,0.108145997080737,hyper,TRUE,0.0986123689556567,0.398916336916591,0.0816811262402832,0.00422005075798922,0.248002143132692,0.172534061576582,0.0218375808483134,0.330309188929619,0.110007985966915,0.440205267619067,0.829182744670343,chr19,36526601,36529800,regbuild_promoter,"",direction_only,eope_nominal
87114,0.114113829952521,hyper,TRUE,0.000236465124971979,0.0231691799709911,0.13716513157674,0.480834438908004,0.898007349923642,0.0273759641156612,0.000504509975675213,0.0672604127011915,0.126308710720291,0.0365646155592538,0.628769843037646,chr17,38823800,38826201,regbuild_promoter,"",tube_robust_fdr,eope_nominal
87303,-0.17505298006724,hypo,TRUE,0.00457447592464224,0.0847367370132776,-0.178318676052008,0.0888170207548084,0.630055288263594,-0.156573882946903,0.00558429772420558,0.190542689518457,-0.169618612888026,0.907000147420766,0.977923246076002,chr21,41681400,41681601,regbuild_promoter,"",tube_robust_nominal,eope_nominal
87376,0.120966801086557,hyper,TRUE,0.0069552766094124,0.103833722670994,0.120500181995527,0.0427669062212791,0.510487066487833,0.143201394391908,0.000677183141951684,0.074028755724507,0.140629042044828,0.740390788278236,0.934631544629232,chr17,78365200,78365801,regbuild_promoter,"",tube_robust_nominal,eope_nominal
88335,0.109685123055309,hyper,TRUE,0.0029475648862926,0.0689096742935258,0.124011016801681,0.10906503605992,0.671550646438681,0.0910749677939165,0.000481250429548537,0.0659079209768071,0.132885030405335,0.537469921446223,0.869087277397646,chr16,87778600,87779201,regbuild_promoter,"",tube_robust_nominal,eope_nominal
89338,-0.139827166828499,hypo,TRUE,0.0387469637249197,0.250976904230017,-0.097980438412603,0.00245761464201315,0.209709745707151,-0.250075413567108,0.00728256277336964,0.2116972993635,-0.13263572344389,0.0890708282626221,0.642582728138314,chr16,89319600,89321601,regbuild_promoter,"",tube_robust_nominal,eope_nominal
89961,0.105876279909758,hyper,TRUE,0.00210877907529972,0.0590570352817308,0.102834994383841,0.0567096117529766,0.553642156207278,0.124917656407338,0.000755926645220885,0.0772468470971953,0.0967791204453062,0.788533331053439,0.947728359181378,chr5,140638600,140640801,regbuild_promoter,"",tube_robust_nominal,eope_nominal
91132,0.111490117834887,hyper,TRUE,0.0408785381973305,0.257003880529741,0.0957011401753454,0.0312783244268952,0.462365569608928,0.14343368917336,0.00322500144832386,0.152643818551189,0.117574038570626,0.572846993296769,0.881619446969269,chr3,185281800,185284601,regbuild_promoter,"",tube_robust_nominal,eope_nominal
93132,-0.136310236100049,hypo,TRUE,0.0601975221525108,0.311896057045306,-0.108965567931303,0.052475351168568,0.540632436104373,-0.178314067982893,0.0102074909897662,0.242167841366751,-0.15203988960374,0.513223704698477,0.859420163823906,chr18,77014000,77014401,regbuild_promoter,"",direction_only,eope_nominal
95458,-0.149866405898836,hypo,TRUE,0.0302959440752071,0.221375007111877,-0.118059329021242,0.00412865622102663,0.245619186404644,-0.245029815903676,0.000406898528272955,0.0598225256692635,-0.17812376535978,0.134214678043134,0.668785382929912,chr16,70687600,70691201,regbuild_promoter,"",tube_robust_nominal,eope_nominal
97752,0.197269388692065,hyper,TRUE,9.25675372452092e-06,0.00711975553295192,0.219747441993925,0.224583912482005,0.806420069283105,0.108150054893753,6.71589469856966e-05,0.0313418400426433,0.214355817884089,0.284305844510806,0.753574805749772,chr17,29585000,29586201,regbuild_promoter,"",tube_robust_fdr,eope_fdr
98401,0.102712554476292,hyper,TRUE,0.00340654163072895,0.0729229518987132,0.0860501355388249,0.103379543970788,0.659764410593408,0.101914979941928,0.000476013250842334,0.065312761940013,0.12584709321086,0.595128960137854,0.887911321868264,chr2,121735000,121738001,regbuild_promoter,"",tube_robust_nominal,eope_nominal
99751,0.110757286098507,hyper,TRUE,0.00432227036112148,0.0821884190207974,0.103094901336735,0.0485067445140782,0.528413585228238,0.106128614340639,0.00708820220980025,0.209329096215177,0.0960071629414476,0.471149010080393,0.842669070737289,chr9,33287600,33292001,regbuild_promoter,"",tube_robust_nominal,eope_nominal
99952,-0.124557753556198,hypo,TRUE,0.0254082186116464,0.20290326613452,-0.0898306489796593,0.000836879388794933,0.1573533053567,-0.205819914921771,0.0011749984479962,0.0960755514633941,-0.131885666461152,0.157153110966479,0.684387702775735,chr17,795000,795601,regbuild_promoter,"",tube_robust_nominal,eope_nominal
100469,0.134312645388964,hyper,TRUE,0.000818180573891814,0.0380828686326574,0.119008783026879,0.0552528386311076,0.549323980154976,0.136655383013048,0.000454541653316658,0.063556893887134,0.134718231395653,0.555712053846423,0.87655206181822,chr3,4830600,4831801,regbuild_promoter,"",tube_robust_fdr,eope_nominal
100550,0.126938007165419,hyper,TRUE,0.00183062742901393,0.0553484982456318,0.125717639689144,0.175995199078259,0.761499428693725,0.112970734742817,0.000116910943943407,0.0390738397647748,0.15963137542716,0.883152745467647,0.971706105596257,chr19,57915000,57917601,regbuild_promoter,"",tube_robust_nominal,eope_fdr
102983,-0.100052677581304,hypo,TRUE,0.00199039969388777,0.0575576038659652,-0.120547719933884,0.0684136394023311,0.585084476571051,-0.0595898845320071,0.00116764160600489,0.0959849170980208,-0.10434499300968,0.117042744922304,0.659307380326461,chr17,76132400,76133001,regbuild_promoter,"",tube_robust_nominal,eope_nominal
104598,0.121873187372725,hyper,TRUE,5.19344216208854e-05,0.0152455460313549,0.129645460501578,0.0328418611179901,0.470369446990077,0.100893482224222,2.80371680898493e-06,0.0081835224376851,0.134637054800333,0.963936073401061,0.990474177816576,chr1,148149000,148152801,regbuild_promoter,"",tube_robust_fdr,eope_fdr
104782,0.100950206826913,hyper,TRUE,0.000139119298621158,0.0199396843234939,0.120887149292073,0.220743528818275,0.804440713967373,0.0517245377644819,9.9512102252856e-05,0.0374903959977613,0.100836465173161,0.0323878682174686,0.628769843037646,chr10,68330000,68337201,regbuild_promoter,"",tube_robust_fdr,eope_fdr
105197,-0.219628384927296,hypo,TRUE,0.00546392312028518,0.0926985686868982,-0.239725992532998,0.26918054354162,0.834799597307051,-0.107692530065599,0.0203386700052832,0.321572077730944,-0.209979901159034,0.831304700138609,0.958673566064807,chr2,28956400,28957201,regbuild_promoter,"",tube_robust_nominal,eope_nominal
105240,0.121961476936806,hyper,TRUE,0.0126651672009943,0.141930775620328,0.117798799884326,0.0802301166727999,0.612395567127311,0.140252009894867,0.043695269763679,0.421362032155172,0.0890028821037984,0.897634105493417,0.975789170724775,chr1,160705200,160713401,regbuild_promoter,"",tube_robust_nominal,eope_nominal
105670,0.104647285137741,hyper,TRUE,0.000773867025691438,0.0373902099586863,0.121542071472462,0.235619621257896,0.814494955045766,0.0923294539985481,0.00376636374211479,0.162553795957234,0.0836436444807497,0.409783529129262,0.814431216018322,chr5,138211800,138214600,regbuild_promoter,"",tube_robust_fdr,eope_nominal
105675,0.106298116333453,hyper,TRUE,0.108562372661639,0.416951598525599,0.0883062098292354,,,,0.00606159068973231,0.196951968180043,0.110114485202223,0.537674287037641,0.869087277397646,chr12,10153200,10154601,regbuild_promoter,"",direction_only,eope_nominal
105900,-0.131337177121248,hypo,TRUE,0.0313233765054572,0.225475676795144,-0.0926540092033176,0.00178352657928576,0.195420132709547,-0.198255682352858,0.00170200171873307,0.114704153766927,-0.142059820389694,0.330990966020518,0.777594051415064,chr11,65870200,65871201,regbuild_promoter,"",tube_robust_nominal,eope_nominal
106528,0.101939790675457,hyper,TRUE,0.00622523178622683,0.098181978481704,0.0825909787655141,0.00746655629086758,0.295115089692056,0.127815260885679,0.00149286090664277,0.106895985752664,0.0967605297723926,0.337540059039232,0.78045891254935,chr3,49899800,49904601,regbuild_promoter,"",tube_robust_nominal,eope_nominal
