cpg,beta_pe,beta_ctrl,delta,delta_t_pool,n_coh,beta_placenta
cg00487351,0.05,0.00909090909090909,0.0409090909090909,0.02903799719513,3,0.0353993722731481
cg00487351,0.05,0.00909090909090909,0.0409090909090909,0.02903799719513,3,0.0353993722731481
cg00487351,0.05,0.00909090909090909,0.0409090909090909,0.02903799719513,3,0.0353993722731481
cg00487351,0.05,0.00909090909090909,0.0409090909090909,0.02903799719513,3,0.0353993722731481
cg00487351,0.05,0.00909090909090909,0.0409090909090909,0.02903799719513,3,0.0353993722731481
cg02974126,0,0,0,0.144213388165952,3,0.0468346498518519
cg04053200,0.025,0,0.025,-0.120725213329875,3,0.0323076508703704
cg04053200,0.025,0,0.025,-0.120725213329875,3,0.0323076508703704
cg04053200,0.025,0,0.025,-0.120725213329875,3,0.0323076508703704
cg04053200,0.025,0,0.025,-0.120725213329875,3,0.0323076508703704
cg04053200,0.025,0,0.025,-0.120725213329875,3,0.0323076508703704
cg04468551,0,0,0,0.0546422683556069,3,0.274630147425926
cg09804503,0.973140495867769,0.931818181818182,0.041322314049587,-2.37223273626505,3,0.833940415627525
cg13024018,0.0125,0.00344122023809524,0.00905877976190476,0.102444199005558,3,0.0200302132851852
cg13943052,0,0,0,0.522735200052198,3,0.0631912431388889
cg14218504,0.01640625,0,0.01640625,0.130574902582536,3,0.0259689607990741
cg18862094,0.00324675324675325,0.00862068965517241,-0.00537393640841916,0.272534473414154,3,0.0556351380740741
cg18862094,0.00324675324675325,0.00862068965517241,-0.00537393640841916,0.272534473414154,3,0.0556351380740741
cg18882201,0,0.0102880658436214,-0.0102880658436214,0.165635181374059,3,0.0494163046064815
cg18882201,0,0.0102880658436214,-0.0102880658436214,0.165635181374059,3,0.0494163046064815
cg19003430,0.0192528735632184,0.0137480798771121,0.0055047936861063,0.0553875851074591,3,0.0839657282925084
cg20814826,0.00208333333333333,0.00587606837606838,-0.00379273504273505,-0.216850804213458,3,0.0419579759398148
cg21142153,0.0119047619047619,0,0.0119047619047619,0.174792250694893,3,0.0584391187222222
cg21745320,0.00555555555555555,0.0154569892473118,-0.00990143369175625,0.346696011373348,3,0.0627826486276455
cg22711274,0,0,0,0.163103205449615,3,0.0833536164179293
cg22711274,0,0,0,0.163103205449615,3,0.0833536164179293
cg24132527,0,0.0416666666666667,-0.0416666666666667,-0.0637951140894695,3,0.0987268971064815
cg24132527,0,0.0416666666666667,-0.0416666666666667,-0.0637951140894695,3,0.0987268971064815
cg24980367,0,0.00849206349206349,-0.00849206349206349,0.234500339579174,3,0.0777351338611111
cg25224543,0.0033955857385399,0.0101371951219512,-0.0067416093834113,0.210201956059272,3,0.0537396737777778
cg27564939,0.019047619047619,0.00625,0.012797619047619,0.167104909488896,3,0.0220746366935185
