family,accession,trait,cpg,region_id,k_iv,method,beta,se,lo,hi,p,Qp,mean_F,p_bh
Basophil,GCST90018946,Basophil count,cg00387872,12268,58,ivw_re,-0.0009573759004572485,0.0019876683901356917,-0.004853205945123204,0.002938454144208707,0.6300490886439979,2.200415502418007e-06,736.7876238675574,0.8671442020634345
Basophil,GCST90018946,Basophil count,cg15445000,84604,15,ivw_re,0.0020072499495005502,0.005410344834649641,-0.008597025926412746,0.012611525825413847,0.7106358775373073,2.829537045812014e-05,410.97954938698894,0.9247574119068547
Basophil,GCST90018946,Basophil count,cg18129748,106528,4,ivw_fe,-0.03469467574522803,0.011374604824107,-0.056988901200477754,-0.012400450289978316,0.002286986552315064,0.20802176445696036,93.81870373504762,0.023285681259935197
Basophil,GCST90018946,Basophil count,cg19490609,12268,24,ivw_fe,0.005103687994403012,0.003149538803657601,-0.0010694080607658854,0.01127678404957191,0.1051344307964164,0.0670747053812803,193.27971619765344,0.3019245192102215
Basophil,GCST90018946,Basophil count,cg24308560,106528,29,ivw_re,-0.0015089742579177403,0.0032517871351178253,-0.007882477042748678,0.004864528526913197,0.6426157926005809,3.078657767607851e-08,576.5815219388185,0.8671442020634345
Basophil,GCST90018946,Basophil count,cg25753631,12268,29,ivw_re,0.0030461049327987814,0.0034210093945093493,-0.0036590734804395433,0.009751283346037106,0.37324515378612344,0.004237254689109959,333.18061369475754,0.6239321973738183
Basophil,GCST90018946,Basophil count,cg27360567,106528,20,ivw_re,-0.007735886820978999,0.005167783444438762,-0.017864742372078975,0.0023929687301209746,0.13440760840650026,6.180035634906211e-07,355.26006743156677,0.35166611981907847
DBP,GCST90310295,Diastolic blood pressure,cg00387872,12268,54,ivw_re,0.06799798999018623,0.04824481046828136,-0.026561838527645223,0.1625578185080177,0.15870617938084494,0.0,549.5690036314566,0.3864150454490138
DBP,GCST90310295,Diastolic blood pressure,cg15445000,84604,13,ivw_re,-0.024017073966105563,0.04125308751793962,-0.10487312550126723,0.0568389775690561,0.5604397051783552,0.0035058203611109673,459.3382319883263,0.804733935640715
DBP,GCST90310295,Diastolic blood pressure,cg18129748,106528,4,ivw_re,-0.00997566679334391,0.37843214468090514,-0.751702670367918,0.7317513367812302,0.9789697864674469,1.7888932557497128e-09,93.81870373504762,0.9972279397678887
DBP,GCST90310295,Diastolic blood pressure,cg19490609,12268,20,ivw_re,0.20295846457282596,0.1102813623213463,-0.013193005577012806,0.4191099347226647,0.06571399623084828,0.0,146.33751840034387,0.22302932054106084
DBP,GCST90310295,Diastolic blood pressure,cg24308560,106528,28,ivw_re,-0.05991852342866083,0.04852492366919302,-0.15502737382027915,0.035190326962957486,0.21690534874536638,0.0,588.6309992605945,0.4463737845428956
DBP,GCST90310295,Diastolic blood pressure,cg25753631,12268,29,ivw_re,0.18398554780571466,0.08236661922873652,0.022546974117391094,0.3454241214940382,0.02550023678950262,0.0,333.18061369475754,0.12417506610540406
DBP,GCST90310295,Diastolic blood pressure,cg27360567,106528,19,ivw_re,-0.15331298748722758,0.07048387724186099,-0.2914613868812751,-0.015164588093180026,0.029618896859940083,0.0,366.9053775609407,0.1382215186797204
Eosinophil,GCST90002381,Eosinophil count,cg00387872,12268,58,ivw_re,-0.002295258168894318,0.004111347926557556,-0.010353500104947127,0.0057629837671584905,0.5766573766046779,0.0,736.7876238675574,0.8170170648977845
Eosinophil,GCST90002381,Eosinophil count,cg15445000,84604,15,ivw_re,0.012455556111545233,0.005315076355632963,0.002038006454504625,0.02287310576858584,0.019106897060854174,0.00071469750794112,410.97954938698894,0.1125772741523818
Eosinophil,GCST90002381,Eosinophil count,cg18129748,106528,5,ivw_re,-0.003119998081530498,0.041754001305495385,-0.08495784064030146,0.07871784447724045,0.9404348437040415,3.6065722763822805e-07,79.34125188419293,0.9972279397678887
Eosinophil,GCST90002381,Eosinophil count,cg19490609,12268,24,ivw_re,0.034591565944184555,0.010675302022579679,0.013667973979928385,0.05551515790844072,0.0011938890780114524,0.0,193.27971619765344,0.014857286304142521
Eosinophil,GCST90002381,Eosinophil count,cg24308560,106528,29,ivw_re,-0.01766188968203433,0.007646921135656633,-0.03264985510792133,-0.0026739242561473284,0.020906247305173566,0.0,576.5815219388185,0.1125772741523818
Eosinophil,GCST90002381,Eosinophil count,cg25753631,12268,29,ivw_re,0.0083084151649118,0.007692393029363533,-0.006768675172640723,0.023385505502464324,0.28010567142670323,0.0,333.18061369475754,0.5503830736805397
Eosinophil,GCST90002381,Eosinophil count,cg27360567,106528,20,ivw_re,-0.015239067254762493,0.010647045570249319,-0.03610727657245116,0.005629142062926173,0.15234557424917894,0.0,355.26006743156677,0.37917120702017876
Hematocrit,GCST90018960,Hematocrit,cg00387872,12268,58,ivw_re,-0.004879932203176296,0.00712152113972679,-0.018838113637040802,0.009078249230688212,0.49319416472772487,0.0,736.7876238675574,0.7275940929570954
Hematocrit,GCST90018960,Hematocrit,cg15445000,84604,15,ivw_re,-0.01040299784390392,0.006119617288564402,-0.02239744772949015,0.0015914520416823088,0.08914173150429117,5.074587194897617e-09,410.97954938698894,0.27732983134668365
Hematocrit,GCST90018960,Hematocrit,cg18129748,106528,4,ivw_re,0.007750409939583289,0.04399667938498563,-0.07848308165498855,0.09398390153415512,0.8601690499927258,1.0939229910800208e-08,93.81870373504762,0.9877702655223152
Hematocrit,GCST90018960,Hematocrit,cg19490609,12268,24,ivw_re,0.016724722771866606,0.01945060089372766,-0.021398454979839606,0.054847900523572815,0.3898682301907392,0.0,193.27971619765344,0.6421359085494528
Hematocrit,GCST90018960,Hematocrit,cg24308560,106528,29,ivw_re,-0.009033626512731449,0.0036803950446840784,-0.016247200800312243,-0.001820052225150655,0.014107033626855836,4.773959005888173e-15,576.5815219388185,0.0929404568357561
Hematocrit,GCST90018960,Hematocrit,cg25753631,12268,29,ivw_re,-0.01150991670090781,0.012697636711785755,-0.03639728465600789,0.01337745125419227,0.3646917221733066,0.0,333.18061369475754,0.6199442960148634
Hematocrit,GCST90018960,Hematocrit,cg27360567,106528,20,ivw_re,-0.014592955324546644,0.006328137142339977,-0.026996104123532996,-0.0021898065255602905,0.021108238903571587,1.887379141862766e-14,355.26006743156677,0.1125772741523818
Lymphocyte,GCST90018962,Lymphocyte count,cg00387872,12268,58,ivw_re,0.0008432248679988505,0.004933899614495953,-0.008827218376413218,0.010513668112410918,0.8642989823320257,0.0,736.7876238675574,0.9877702655223152
Lymphocyte,GCST90018962,Lymphocyte count,cg15445000,84604,15,ivw_re,-0.010576281797401594,0.011126495025072928,-0.032384212046544535,0.011231648451741344,0.34183322803687505,0.0,410.97954938698894,0.5982081490645313
Lymphocyte,GCST90018962,Lymphocyte count,cg18129748,106528,4,ivw_re,0.0836061210740338,0.041144668280413056,0.002962571244424214,0.1642496709036434,0.04215327425774265,3.866589127238251e-05,93.81870373504762,0.1703091038725646
Lymphocyte,GCST90018962,Lymphocyte count,cg19490609,12268,24,ivw_re,0.04103747391611853,0.01205050502120112,0.01741848407456434,0.06465646375767273,0.0006605347034181921,0.0,193.27971619765344,0.011618862883130696
Lymphocyte,GCST90018962,Lymphocyte count,cg24308560,106528,29,ivw_re,-0.015101007342113656,0.004932769846461107,-0.024769236241177425,-0.005432778443049888,0.0022033056565654288,0.0,576.5815219388185,0.023285681259935197
Lymphocyte,GCST90018962,Lymphocyte count,cg25753631,12268,29,ivw_re,0.0037917453270680237,0.008048187892590757,-0.011982702942409856,0.019566193596545906,0.6375476752514795,0.0,333.18061369475754,0.8671442020634345
Lymphocyte,GCST90018962,Lymphocyte count,cg27360567,106528,20,ivw_re,-0.016010172156203064,0.008269694181812868,-0.03221877275255629,0.0001984284401501564,0.052867046059523914,0.0,355.26006743156677,0.19737030528888927
MCH,GCST90018964,Mean corpuscular hemoglobin,cg00387872,12268,58,ivw_re,0.00563579218355973,0.016811428052329467,-0.027314606799006026,0.03858619116612549,0.737447234053817,0.0,736.7876238675574,0.9247574119068547
MCH,GCST90018964,Mean corpuscular hemoglobin,cg15445000,84604,15,ivw_re,0.015159681925402742,0.011332398146518274,-0.007051818441773074,0.03737118229257856,0.18098467059512338,0.0,410.97954938698894,0.41065591846226035
MCH,GCST90018964,Mean corpuscular hemoglobin,cg18129748,106528,4,ivw_re,0.09169367512802216,0.06718847210143798,-0.03999573019079629,0.22338308044684063,0.1723400253214597,6.457390178127298e-12,93.81870373504762,0.40212672575007263
MCH,GCST90018964,Mean corpuscular hemoglobin,cg19490609,12268,24,ivw_re,0.006611896365304798,0.0375471528789209,-0.06698052327738017,0.08020431600798976,0.8602186712463555,0.0,193.27971619765344,0.9877702655223152
MCH,GCST90018964,Mean corpuscular hemoglobin,cg24308560,106528,29,ivw_re,-0.0017378816633483675,0.00779017996661052,-0.017006634397904986,0.013530871071208251,0.8234684168089099,0.0,576.5815219388185,0.9801843002727477
MCH,GCST90018964,Mean corpuscular hemoglobin,cg25753631,12268,29,ivw_re,-0.0012945884330586403,0.028336545316795598,-0.05683421725397801,0.054245040387860724,0.9635603812323745,0.0,333.18061369475754,0.9972279397678887
MCH,GCST90018964,Mean corpuscular hemoglobin,cg27360567,106528,20,ivw_re,0.0028018274021566827,0.01316040587822645,-0.02299256811916716,0.028596222923480526,0.8314063261242056,0.0,355.26006743156677,0.9801843002727477
MCHC,GCST90018965,Mean corpuscular hemoglobin concentration,cg00387872,12268,58,ivw_re,-0.003952446740491979,0.009259669558177315,-0.022101399074519516,0.014196505593535559,0.6694919847684395,0.0,736.7876238675574,0.8821541446360615
MCHC,GCST90018965,Mean corpuscular hemoglobin concentration,cg15445000,84604,15,ivw_fe,-0.00399662067515307,0.0027843654884117113,-0.009453977032440025,0.0014607356821338844,0.15117903225064364,0.19499018449365352,410.97954938698894,0.37917120702017876
MCHC,GCST90018965,Mean corpuscular hemoglobin concentration,cg18129748,106528,4,ivw_fe,0.008663219225414489,0.012658179816739164,-0.01614681321539427,0.03347325166622325,0.49372456307802903,0.3355901453157133,93.81870373504762,0.7275940929570954
MCHC,GCST90018965,Mean corpuscular hemoglobin concentration,cg19490609,12268,24,ivw_re,0.0011488071387320165,0.022643685472278335,-0.04323281638693352,0.04553043066439755,0.9595373989847381,0.0,193.27971619765344,0.9972279397678887
MCHC,GCST90018965,Mean corpuscular hemoglobin concentration,cg24308560,106528,29,ivw_fe,-0.003919476064280416,0.0018296050478434195,-0.007505501958053518,-0.0003334501705073139,0.03217316553795182,0.16063697842195834,576.5815219388185,0.14413578161002413
MCHC,GCST90018965,Mean corpuscular hemoglobin concentration,cg25753631,12268,29,ivw_re,-0.0007206992436174287,0.01612723911343421,-0.03233008790594848,0.030888689418713623,0.9643557426303561,0.0,333.18061369475754,0.9972279397678887
MCHC,GCST90018965,Mean corpuscular hemoglobin concentration,cg27360567,106528,20,ivw_fe,-0.0034734557389294795,0.002827040504906311,-0.009014455128545849,0.0020675436506868905,0.21920141205231483,0.17104632681264798,355.26006743156677,0.4463737845428956
MCV,GCST90018966,Mean corpuscular volume,cg00387872,12268,58,ivw_re,0.007785817518898074,0.01420360853515628,-0.020053255210008235,0.03562489024780438,0.5835836177841318,0.0,736.7876238675574,0.8170170648977845
MCV,GCST90018966,Mean corpuscular volume,cg15445000,84604,15,ivw_re,0.020735233443876615,0.01204674539945229,-0.002876387539049872,0.0443468544268031,0.08520888731730838,0.0,410.97954938698894,0.2726684394153868
MCV,GCST90018966,Mean corpuscular volume,cg18129748,106528,4,ivw_re,0.08893719255980759,0.06740113651326722,-0.04316903500619615,0.22104342012581132,0.1869951057283507,5.154821014485833e-12,93.81870373504762,0.41065591846226035
MCV,GCST90018966,Mean corpuscular volume,cg19490609,12268,24,ivw_re,0.006861467377205073,0.03177289958961444,-0.05541341581843923,0.06913635057284938,0.8290240305499862,0.0,193.27971619765344,0.9801843002727477
MCV,GCST90018966,Mean corpuscular volume,cg24308560,106528,29,ivw_re,-5.9088631930133646e-06,0.007746399805636956,-0.015188852482241446,0.01517703475585542,0.9993913830457115,0.0,576.5815219388185,0.9993913830457115
MCV,GCST90018966,Mean corpuscular volume,cg25753631,12268,29,ivw_re,-0.00036466251053157,0.024918736259901295,-0.04920538557993811,0.04847606055887497,0.988324118877104,0.0,333.18061369475754,0.9972279397678887
MCV,GCST90018966,Mean corpuscular volume,cg27360567,106528,20,ivw_re,0.004170400167402145,0.01292224988049316,-0.021157209598364448,0.02949800993316874,0.7468995857584245,0.0,355.26006743156677,0.9247574119068547
Monocyte,GCST90002393,Monocyte count,cg00387872,12268,58,ivw_re,0.005484824514532386,0.00522585713019813,-0.004757855460655948,0.01572750448972072,0.2939227526417822,0.0,736.7876238675574,0.5660244643262944
Monocyte,GCST90002393,Monocyte count,cg15445000,84604,15,ivw_re,0.009616096366905429,0.005851554550078175,-0.001852950551247793,0.02108514328505865,0.10031251077814023,2.572247385257409e-05,410.97954938698894,0.29565792650399225
Monocyte,GCST90002393,Monocyte count,cg18129748,106528,5,ivw_re,0.0317055553310608,0.030475619919421895,-0.02802665971100611,0.09143777037312771,0.2981736017433158,0.00013116050671907464,79.34125188419293,0.5660244643262944
Monocyte,GCST90002393,Monocyte count,cg19490609,12268,24,ivw_re,0.04886524968203545,0.014098386387476614,0.021232412362581284,0.0764980870014896,0.000528229490332687,0.0,193.27971619765344,0.011618862883130696
Monocyte,GCST90002393,Monocyte count,cg24308560,106528,29,ivw_re,-0.010024299649473115,0.0037982096729397194,-0.017468790608434964,-0.0025798086905112648,0.008309776384473114,3.163261319549804e-10,576.5815219388185,0.06204633033739926
Monocyte,GCST90002393,Monocyte count,cg25753631,12268,29,ivw_re,-0.00016242555799592527,0.009608534850716317,-0.018995153865399905,0.018670302749408056,0.9865129621615549,0.0,333.18061369475754,0.9972279397678887
Monocyte,GCST90002393,Monocyte count,cg27360567,106528,20,ivw_re,-0.008404271675046943,0.00560142728232496,-0.019383069148403865,0.0025745257983099783,0.13351589511082915,5.892171427435144e-07,355.26006743156677,0.35166611981907847
Neutrophil,GCST90018968,Neutrophil count,cg00387872,12268,58,ivw_re,0.0038097345124876196,0.0038310312070863077,-0.0036990866534015437,0.011318555678376783,0.3200082148341424,0.0,736.7876238675574,0.5689034930384753
Neutrophil,GCST90018968,Neutrophil count,cg15445000,84604,15,ivw_re,0.01228138982204251,0.016919084714102802,-0.02088001621759898,0.045442795861683996,0.46790637335988916,0.0,410.97954938698894,0.7188395500993948
Neutrophil,GCST90018968,Neutrophil count,cg18129748,106528,4,ivw_re,0.018018015797893323,0.042163964340182936,-0.06462335430886523,0.10065938590465187,0.6691374490991785,9.445185598311312e-06,93.81870373504762,0.8821541446360615
Neutrophil,GCST90018968,Neutrophil count,cg19490609,12268,24,ivw_re,0.024732047820768117,0.010177385170280703,0.00478437288701794,0.04467972275451829,0.015094722445171911,0.0,193.27971619765344,0.09392271743662522
Neutrophil,GCST90018968,Neutrophil count,cg24308560,106528,29,ivw_re,-0.015090421700586448,0.004314706773198733,-0.023547246976055966,-0.0066335964251169315,0.00046974896007077356,2.5688895455289185e-12,576.5815219388185,0.011618862883130696
Neutrophil,GCST90018968,Neutrophil count,cg25753631,12268,29,ivw_re,0.000724364307066451,0.007154123173257504,-0.013297717112518257,0.014746445726651158,0.9193509704807046,0.0,333.18061369475754,0.9972279397678887
Neutrophil,GCST90018968,Neutrophil count,cg27360567,106528,20,ivw_re,-0.02436251821236913,0.0070040271585644475,-0.03809041144315545,-0.010634624981582812,0.0005044944945883844,1.9661722250319258e-10,355.26006743156677,0.011618862883130696
PP,GCST90310296,Pulse pressure,cg00387872,12268,54,ivw_re,0.014216574048073024,0.04065756091474732,-0.06547224534483172,0.09390539344097777,0.72658923710101,0.0,549.5690036314566,0.9247574119068547
PP,GCST90310296,Pulse pressure,cg15445000,84604,13,ivw_re,0.0016989402333515635,0.040586186736914824,-0.07784998577100148,0.08124786623770462,0.9666102555544341,0.04349833708284989,459.3382319883263,0.9972279397678887
PP,GCST90310296,Pulse pressure,cg18129748,106528,4,ivw_re,0.01644078629305367,0.2559095648803304,-0.4851419608723939,0.5180235334585013,0.948775531450069,0.00046497827531322145,93.81870373504762,0.9972279397678887
PP,GCST90310296,Pulse pressure,cg19490609,12268,20,ivw_re,-0.26801270750896794,0.11862986631113408,-0.5005272454787908,-0.03549816953914514,0.02386879093588639,0.0,146.33751840034387,0.12151384476451253
PP,GCST90310296,Pulse pressure,cg24308560,106528,28,ivw_re,-0.01830784083702893,0.02610422463857949,-0.06947212112864473,0.03285643945458687,0.48309315272363634,7.264309977228489e-05,588.6309992605945,0.7275940929570954
PP,GCST90310296,Pulse pressure,cg25753631,12268,29,ivw_re,0.0918289182117738,0.07098072169423676,-0.047293296308930255,0.23095113273247786,0.19576342532239935,0.0,333.18061369475754,0.42164430069439857
PP,GCST90310296,Pulse pressure,cg27360567,106528,19,ivw_re,-0.04045703399695124,0.04469075378820443,-0.12805091142183192,0.04713684342792945,0.3653243172944731,3.1354906964153884e-05,366.9053775609407,0.6199442960148634
Platelet,GCST90018969,Platelet count,cg00387872,12268,58,ivw_re,-0.0040176308165346475,0.004894698345860527,-0.013611239574421282,0.005575977941351986,0.4117529341836724,0.0,736.7876238675574,0.668352588819874
Platelet,GCST90018969,Platelet count,cg15445000,84604,15,ivw_re,0.010475387905480209,0.00762728587497702,-0.00447409240947475,0.025424868220435166,0.16962503630966871,2.208342952947362e-10,410.97954938698894,0.40212672575007263
Platelet,GCST90018969,Platelet count,cg18129748,106528,4,ivw_fe,0.041397517680927885,0.012558065800830827,0.016783708711299465,0.06601132665055631,0.0009790167294566575,0.14002687017847942,93.81870373504762,0.013706234212393205
Platelet,GCST90018969,Platelet count,cg19490609,12268,24,ivw_re,-0.025761323956541095,0.013824439647369837,-0.052857225665385976,0.0013345777523037852,0.06239723304749413,0.0,193.27971619765344,0.2185321244327601
Platelet,GCST90018969,Platelet count,cg24308560,106528,29,ivw_re,-0.0004059296387426663,0.003733198948272115,-0.0077229995773560114,0.006911140299870678,0.9134126270942917,1.2160599749400092e-09,576.5815219388185,0.9972279397678887
Platelet,GCST90018969,Platelet count,cg25753631,12268,29,ivw_re,-0.002841549735373359,0.009188614910145112,-0.020851234959257777,0.01516813548851106,0.7571337979796672,0.0,333.18061369475754,0.9247574119068547
Platelet,GCST90018969,Platelet count,cg27360567,106528,20,ivw_re,0.005816795656116977,0.005688871989262766,-0.005333393442838044,0.016966984755072,0.3065506285094997,1.189019715963635e-06,355.26006743156677,0.5680648886636642
RBC,GCST90018971,Red blood cell count,cg00387872,12268,58,ivw_re,-0.008389781043023388,0.0029480345181366785,-0.014167928698571277,-0.0026116333874754982,0.004428753360726384,0.0,736.7876238675574,0.04133503136677959
RBC,GCST90018971,Red blood cell count,cg15445000,84604,15,ivw_re,-0.02179536277117467,0.010285800462773782,-0.04195553167821128,-0.0016351938641380598,0.0340925080073405,0.0,410.97954938698894,0.14686003449315907
RBC,GCST90018971,Red blood cell count,cg18129748,106528,4,ivw_re,-0.03575497348147339,0.03554531638122249,-0.10542379358866946,0.033913846625722686,0.31446449193881415,1.3294310347300442e-05,93.81870373504762,0.5680648886636642
RBC,GCST90018971,Red blood cell count,cg19490609,12268,24,ivw_re,0.012581818679969317,0.008418094100463383,-0.0039176457569389134,0.02908128311687755,0.13501467100196762,0.0,193.27971619765344,0.35166611981907847
RBC,GCST90018971,Red blood cell count,cg24308560,106528,29,ivw_re,-0.00828494652902768,0.004981478981733079,-0.018048645333224513,0.001478752275169153,0.09628242298464838,0.0,576.5815219388185,0.2914494966021789
RBC,GCST90018971,Red blood cell count,cg25753631,12268,29,ivw_re,-0.012635638582173972,0.006243083453435104,-0.024872082150906777,-0.0003991950134411681,0.042976123579689246,0.0,333.18061369475754,0.1703091038725646
RBC,GCST90018971,Red blood cell count,cg27360567,106528,20,ivw_re,-0.014848180996853767,0.007375562563955395,-0.029304283622206342,-0.0003920783715011932,0.04409789296700333,0.0,355.26006743156677,0.1703091038725646
SBP,GCST90310294,Systolic blood pressure,cg00387872,12268,54,ivw_re,0.07092308131714672,0.05364105968733239,-0.034213395670024765,0.17605955830431821,0.18610856050614502,0.0,549.5690036314566,0.41065591846226035
SBP,GCST90310294,Systolic blood pressure,cg15445000,84604,13,ivw_fe,-0.04336061064202359,0.03620565415912229,-0.11432369279390328,0.027602471509856098,0.23106503901099068,0.1057793950021017,459.3382319883263,0.46213007802198136
SBP,GCST90310294,Systolic blood pressure,cg18129748,106528,4,ivw_re,0.04366383085107335,0.5149788209240344,-0.965694658160034,1.0530223198621806,0.9324302323943112,2.6522341400880833e-07,93.81870373504762,0.9972279397678887
SBP,GCST90310294,Systolic blood pressure,cg19490609,12268,20,ivw_re,-0.08327736347199469,0.13732145485627215,-0.35242741499028807,0.18587268804629872,0.5442219348458534,0.0,146.33751840034387,0.7915955415939685
SBP,GCST90310294,Systolic blood pressure,cg24308560,106528,28,ivw_re,-0.07449175435754618,0.06011978315718336,-0.19232652934562555,0.043343020630533205,0.2153249059903957,0.0,588.6309992605945,0.4463737845428956
SBP,GCST90310294,Systolic blood pressure,cg25753631,12268,29,ivw_re,0.2723974082703389,0.09961397557260518,0.07715401614803277,0.4676408003926451,0.006246939561056743,0.0,333.18061369475754,0.04997551648845394
SBP,GCST90310294,Systolic blood pressure,cg27360567,106528,19,ivw_re,-0.18079806522447603,0.0970376560469387,-0.3709918710764759,0.009395740627523824,0.06243774983793146,0.0,366.9053775609407,0.2185321244327601
WBC,GCST90018978,White blood cell count,cg00387872,12268,58,ivw_re,0.0034595888710556555,0.00452249364001767,-0.005404498663378977,0.01232367640549029,0.44428718220896585,0.0,736.7876238675574,0.7108594915343454
WBC,GCST90018978,White blood cell count,cg15445000,84604,15,ivw_re,0.005381340006324323,0.01584770944752104,-0.025680170510816912,0.03644285052346556,0.7341835431232618,0.0,410.97954938698894,0.9247574119068547
WBC,GCST90018978,White blood cell count,cg18129748,106528,4,ivw_re,0.049533447278784316,0.04897085813418674,-0.04644943466422168,0.1455163292217903,0.3117828051697439,1.5609533843274903e-07,93.81870373504762,0.5680648886636642
WBC,GCST90018978,White blood cell count,cg19490609,12268,24,ivw_re,0.04016394810179467,0.011884584096600736,0.016870163272457224,0.0634577329311321,0.0007261789301956684,0.0,193.27971619765344,0.011618862883130696
WBC,GCST90018978,White blood cell count,cg24308560,106528,29,ivw_re,-0.017788536878525624,0.004512975810332305,-0.026633969466776944,-0.008943104290274307,8.0925561708574e-05,1.609823385706477e-15,576.5815219388185,0.009063662911360288
WBC,GCST90018978,White blood cell count,cg25753631,12268,29,ivw_re,0.005545533852023811,0.007650342076897264,-0.009449136618694827,0.02054020432274245,0.4685293496183555,0.0,333.18061369475754,0.7188395500993948
WBC,GCST90018978,White blood cell count,cg27360567,106528,20,ivw_re,-0.026930543925274886,0.007718745670734934,-0.042059285439915356,-0.011801802410634415,0.00048486868150178914,1.0547118733938987e-14,355.26006743156677,0.011618862883130696
eGFR,GCST90019506,Estimated glomerular filtration rate,cg00387872,12268,56,ivw_re,0.001193503953102583,0.0039006329337944274,-0.006451736597134494,0.00883874450333966,0.7596221597806306,0.0,759.5745183878372,0.9247574119068547
eGFR,GCST90019506,Estimated glomerular filtration rate,cg15445000,84604,15,ivw_re,-0.032614003914000926,0.017945462200552816,-0.06778710982708444,0.0025591019990825956,0.06915656209414618,0.0,410.97954938698894,0.22780985160424624
eGFR,GCST90019506,Estimated glomerular filtration rate,cg18129748,106528,4,ivw_re,-0.005777365298847242,0.06489992290792573,-0.13298121419838166,0.12142648360068718,0.9290663319227828,1.6423895576878067e-10,93.81870373504762,0.9972279397678887
eGFR,GCST90019506,Estimated glomerular filtration rate,cg19490609,12268,23,ivw_re,0.01798573987608354,0.011190232618961243,-0.003947116057080497,0.03991859580924757,0.10799486432527511,0.0,191.86955737449563,0.3023856201107703
eGFR,GCST90019506,Estimated glomerular filtration rate,cg24308560,106528,29,ivw_re,0.01739149976880169,0.006231583463833597,0.005177596179687841,0.02960540335791554,0.005256761196817704,0.0,576.5815219388185,0.045289019541814066
eGFR,GCST90019506,Estimated glomerular filtration rate,cg25753631,12268,29,ivw_re,0.005334499056518266,0.007077611258335343,-0.008537619009819006,0.019206617122855537,0.4510206031506832,0.0,333.18061369475754,0.7114691204630496
eGFR,GCST90019506,Estimated glomerular filtration rate,cg27360567,106528,20,ivw_re,0.028616249735592986,0.011318142314895568,0.006432690798397672,0.0507998086727883,0.01145993345036983,0.0,355.26006743156677,0.08021953415258881
GH_FinnGen,FinnGen_R10_local,GH_FinnGen,cg00387872,12268,56,ivw_fe,0.004938564492710083,0.008323968429808974,-0.011376413629715504,0.021253542615135672,0.5529840946045892,0.11325280721134978,753.6964414313277,
GH_FinnGen,FinnGen_R10_local,GH_FinnGen,cg15445000,84604,14,ivw_fe,0.023287705278877073,0.021191242517611203,-0.01824713005564088,0.06482254061339503,0.27179832946769716,0.06209782327308744,436.1321817433173,
GH_FinnGen,FinnGen_R10_local,GH_FinnGen,cg18129748,106528,5,ivw_fe,-0.17018165213801625,0.08443885600982066,-0.33568180991726476,-0.004681494358767746,0.04385831369727849,0.09010657626328744,79.34125188419293,
GH_FinnGen,FinnGen_R10_local,GH_FinnGen,cg19490609,12268,22,ivw_re,-0.015880901412064653,0.03920272931425718,-0.09271825086800872,0.060956448043879424,0.6854063357904301,0.010671444641873529,178.4596842092345,
GH_FinnGen,FinnGen_R10_local,GH_FinnGen,cg24308560,106528,29,ivw_re,-0.030437170478489286,0.024560421872145962,-0.07857559734789538,0.0177012563909168,0.21524286487986435,3.6796505648029054e-07,576.5815219388185,
GH_FinnGen,FinnGen_R10_local,GH_FinnGen,cg25753631,12268,28,ivw_fe,0.03421030728578779,0.017157687134622204,0.0005812405019282735,0.06783937406964731,0.04616556471615828,0.09214936860674389,340.9428914655984,
GH_FinnGen,FinnGen_R10_local,GH_FinnGen,cg27360567,106528,20,ivw_re,-0.08658432119397105,0.037682019945228795,-0.1604410802866195,-0.012727562101322615,0.021575327035623447,5.622955426332066e-06,355.26006743156677,
PE_FinnGen,FinnGen_R10_local,PE_FinnGen,cg00387872,12268,56,ivw_re,-0.00431340187006989,0.014640775169327198,-0.0330093212019512,0.02438251746181142,0.7682874859026683,0.0010956712156687254,753.6964414313277,
PE_FinnGen,FinnGen_R10_local,PE_FinnGen,cg15445000,84604,14,ivw_re,0.033165267180945465,0.04036164530252127,-0.045943557611996214,0.11227409197388714,0.41124620310358473,0.002751650309204934,436.1321817433173,
PE_FinnGen,FinnGen_R10_local,PE_FinnGen,cg18129748,106528,5,ivw_fe,0.03745191190625183,0.09078969014882839,-0.1404958807854518,0.21539970459795546,0.6799635796799555,0.5905479412448871,79.34125188419293,
PE_FinnGen,FinnGen_R10_local,PE_FinnGen,cg19490609,12268,22,ivw_re,-0.07698673123127596,0.04526878408351944,-0.16571354803497407,0.011740085572422149,0.08900717870064115,0.002814552772803569,178.4596842092345,
PE_FinnGen,FinnGen_R10_local,PE_FinnGen,cg24308560,106528,29,ivw_fe,0.0067200223298748635,0.013799405394290181,-0.02032681224293389,0.03376685690268362,0.6262731261274166,0.4116604214755531,576.5815219388185,
PE_FinnGen,FinnGen_R10_local,PE_FinnGen,cg25753631,12268,28,ivw_re,0.0164050885922451,0.026573713282380597,-0.03567938944122087,0.06848956662571107,0.5370086908932934,0.0314642979731265,340.9428914655984,
PE_FinnGen,FinnGen_R10_local,PE_FinnGen,cg27360567,106528,20,ivw_fe,0.0007203425201864585,0.020365768183529573,-0.039196563119531506,0.04063724815990442,0.9717844987753773,0.14614970773811686,355.26006743156677,
