region_id,p_limma,fdr_limma,p_wilcox,fdr_wilcox,gene_id,chr,start,end,type,reg_id,symbol,beta_pe,beta_ctrl,delta_beta,direction,candidate,n_tested,n_sig_nom,min_p,n_pos,agree_pct,validation,delta_beta_edta,p_edta,fdr_edta,delta_beta_pax,p_pax,delta_beta_eope,p_eope,fdr_eope,p_inter,fdr_inter,sens_flag,eo_flag,final_call,lf_placenta_meta,p_placenta_meta,n_placenta_meta,npos_placenta_meta,lf_blood_meta,p_blood_meta,n_blood_meta,npos_blood_meta,region_class,expr_expected,dir_match_pl
36931,6.19109780031119e-06,0.00208902569486781,0.00239164942934988,0.0548551615523501,101928626,chr1,629151,633150,promoter_TSS2kb,"",LOC101928626,0.568884477004213,0.359256129313273,0.20962834769094,hyper,TRUE,2,2,0.000611762928474535,2,100,direction_consistent,0.274050152852781,0.000737248964392864,0.0367351365618197,0.131306770035862,0.255209601355401,0.24895294230747,0.000142353261971665,0.041112378246746,0.45101613972651,0.83428392430294,tube_robust_fdr,eope_fdr,core_tube_robust,,,,,,,,,promoter,-1,
1769,1.73168257062065e-05,0.00370377534139646,0.00158563720270632,0.0436038308660008,81399,chr1,586945,727211,gene_body,"",OR4F16,0.608629761903171,0.400299904976142,0.20832985692703,hyper,TRUE,4,2,0.000611762928474535,3,75,direction_consistent,0.252071298151545,0.000911121753080619,0.0401514790732573,0.147994369846963,0.169691793377946,0.228249018040973,0.000445913254216792,0.0630726220525293,0.42253053330506,0.820343546294685,tube_robust_fdr,eope_nominal,core_tube_robust,0.0695712328131433,1.8940830159735,2,1,-0.104671014887458,1.85226363413526,1,0,genebody,-1,0
547,3.96461878236427e-05,0.00549692887447078,2.06479504453452e-05,0.00387270840814387,105378724,chr1,53183346,53191509,gene_body,"",LOC105378724,0.579958825953237,0.804682426948052,-0.224723600994815,hypo,TRUE,1,0,0.229593139937968,0,100,direction_consistent,-0.23156637797532,8.25087119525982e-05,0.0169018904242399,,,-0.18763012107587,0.000136608864074439,0.040773647658506,0.297088766385536,0.760687731930795,tube_robust_fdr,eope_fdr,core_tube_robust,,,,,,,,,genebody,1,
66523,0.000331802519639864,0.0166804540820598,0.00120115589654515,0.0374448837629821,390956,chr19,50925572,50929571,promoter_TSS2kb,"",PPIAP59,0.76918294637563,0.87399956173679,-0.104816615361161,hypo,TRUE,7,1,0.0420330452863421,0,100,direction_consistent,-0.130591999402041,0.000315885464854257,0.0261547022055181,-0.0437941886032334,0.414652610770822,-0.116447105231362,0.000962193461776388,0.08768526461554,0.0471805720576806,0.628769843037646,tube_robust_fdr,eope_nominal,core_tube_robust,,,,,,,,,promoter,1,
50400,0.00097484878500649,0.0306438499895379,0.000560500806656256,0.0239064215774296,124902071,chr8,134754512,134758511,promoter_TSS2kb,"",LOC124902071,0.603581034104215,0.727999301046176,-0.124418266941961,hypo,TRUE,2,1,0.0058248907286912,0,100,direction_consistent,-0.147984450772361,0.00028622773679693,0.0252875684684309,,,-0.143049856787598,0.00397789028363873,0.166591677162273,0.15652823903511,0.68387145935665,tube_robust_fdr,eope_nominal,core_tube_robust,,,,,,,,,promoter,1,
31006,0.00195487045518059,0.0454435650575224,0.00603734765970621,0.0926358729254222,104472717,chr19,23399092,23416186,gene_body,"",LINC01224,0.233080516019533,0.110105726691482,0.122974789328051,hyper,TRUE,12,0,0.162946497483869,10,83.3333333333333,direction_consistent,0.146960624782857,0.000151832430356741,0.0199887126485542,0.0621280664461823,0.462208875891286,0.0930816790203097,0.00440230370151241,0.17367422348082,0.0899669686781637,0.64405009051383,tube_robust_fdr,eope_nominal,core_tube_robust,,,,,-0.0676699392928631,1.20297095276054,1,0,genebody,-1,
6569,8.57157194590011e-09,9.99630690044494e-05,2.72021035010265e-07,0.000585229254968556,107984000,chr3,122514961,122518172,gene_body,"",LOC107984000,0.505689363494377,0.404118584178074,0.101570779316303,hyper,TRUE,28,2,0.0452378904234847,18,64.2857142857143,unconfirmed,0.115773489013494,3.09379396054059e-08,0.00113978463300276,0.0529411363179211,0.175676585922479,0.0978458886370647,1.48835067334172e-05,0.0156028080752061,0.0141658814363369,0.628769843037646,tube_robust_fdr,eope_fdr,deprioritized,,,,,,,,,genebody,-1,
23757,4.77454031941269e-08,0.000195551359698788,3.10327586172411e-08,0.000213065898478784,105370460,chr14,39432429,39514455,gene_body,"",LOC105370460,0.371667158996306,0.246314667948281,0.125352491048025,hyper,TRUE,36,0,0.150314945875434,10,27.7777777777778,unconfirmed,0.117303577864783,9.79538907737256e-06,0.00722416346845088,0.121212572453604,0.00232454957364657,0.142731130448725,5.11201857064502e-08,0.0037455248865259,0.419972433123793,0.81939363678432,tube_robust_fdr,eope_fdr,deprioritized,,,,,,,,,genebody,-1,
23893,1.07140787194579e-07,0.000290264233396631,3.54665487252448e-07,0.000629279373793879,6430,chr14,69726900,69772005,gene_body,"",SRSF5,0.447430517524283,0.337033774636689,0.110396742887594,hyper,TRUE,155,2,0.00425926796264554,48,30.9677419354839,unconfirmed,0.124759187096068,3.095584955369e-06,0.005516021668539,0.0581853675441368,0.0704327183069493,0.116912208395285,4.88474330886042e-06,0.0102257216427684,0.232726972111264,0.723680005572956,tube_robust_fdr,eope_fdr,deprioritized,0.313032470259097,1.99999999999688,6,6,0.00089601126163152,1.03110269084632,2,1,genebody,-1,0
58964,9.99084811482804e-08,0.000290264233396631,1.16436242603161e-06,0.00100200920869835,5706,chr14,52705178,52709177,promoter_TSS2kb,"",PSMC6,0.435921742988045,0.333622760303043,0.102298982685001,hyper,TRUE,77,2,0.0121671224462936,29,37.6623376623377,unconfirmed,0.111915161300148,5.26689198271287e-05,0.015278548624813,0.0666156089628718,0.00180471632134166,0.100394969711916,7.29532547667675e-06,0.0125857345927247,0.283114750618119,0.752476635906694,tube_robust_fdr,eope_fdr,deprioritized,-0.0996216231557893,1.99995141833992,6,2,-0.00666106167669577,1.07869145459459,2,1,promoter,-1,1
6660,1.8278046740073e-07,0.00036029981265862,2.48783530364006e-07,0.000568688052470823,124909487,chr3,133661926,133671344,gene_body,"",LOC124909487,0.420460690801954,0.303195550975769,0.117265139826185,hyper,TRUE,43,0,0.0622395109752709,13,30.2325581395349,unconfirmed,0.147320110122463,2.387027695727e-08,0.00113978463300276,0.0337248490453572,0.383437196235759,0.122566266547712,1.83619079564501e-06,0.00734711148624431,0.047319049562411,0.628769843037646,tube_robust_fdr,eope_fdr,deprioritized,,,,,,,,,genebody,-1,
5447,2.51306248861094e-07,0.000422667580974362,9.35865261840362e-06,0.00262286100280072,10746,chr2,127298668,127388465,gene_body,"",MAP3K2,0.372992467701329,0.260163815252429,0.1128286524489,hyper,TRUE,273,8,0.000108159660195821,90,32.967032967033,unconfirmed,0.108182661552551,0.000170782538414551,0.020561436267093,0.0905813473652323,0.0406384901109481,0.128280554639954,2.17474431928867e-05,0.0173197110358654,0.668179514484506,0.911848568599703,tube_robust_fdr,eope_fdr,deprioritized,0.00855277511864796,1.20567898180958,6,4,-0.0154057880758559,1.27592331289978,2,1,genebody,-1,0
19524,3.01059854020869e-07,0.000486022385623214,6.48561182586669e-06,0.00224838641629619,10992,chr11,66052331,66069308,gene_body,"",SF3B2,0.511109199036491,0.39929462912861,0.111814569907882,hyper,TRUE,32,1,0.017511248034519,8,25,unconfirmed,0.114911152768957,8.0727404290365e-05,0.0169018904242399,0.117163343267773,0.00709821558632808,0.121112613005753,3.1091317088734e-06,0.00823353611723697,0.855101853555222,0.964670690741478,tube_robust_fdr,eope_fdr,deprioritized,-0.0222574168720406,1.51627900364442,6,1,0.0363061499950402,1.66471204515203,2,1,genebody,-1,1
16074,4.88986664911436e-07,0.000659499435465805,1.48708147960023e-06,0.00116964554913761,100129250,chr9,32551144,32568621,gene_body,"",TZMP1,0.428390628481123,0.309440251720978,0.118950376760145,hyper,TRUE,113,2,0.00817739667187074,43,38.0530973451327,unconfirmed,0.119259735638394,3.46965956166441e-05,0.0132818489105261,0.0893513858905148,0.0276968392043229,0.130546326287375,4.30148502950966e-06,0.00984892208209824,0.965851212842921,0.991037670847311,tube_robust_fdr,eope_fdr,deprioritized,,,,,,,,,genebody,-1,
27285,5.51729914588263e-07,0.000662491263806185,1.73294007216698e-07,0.000452718215710252,63826,chr17,2303383,2325260,gene_body,"",SRR,0.40434065627762,0.302483511226546,0.101857145051074,hyper,TRUE,235,17,0.00406003765440666,103,43.8297872340426,unconfirmed,0.112408958125092,2.6815814723778e-06,0.00534011583912814,0.0676455222198522,0.0308877536112555,0.100319228208087,1.80135604584511e-05,0.0168686142318886,0.246615596685013,0.731148287903941,tube_robust_fdr,eope_fdr,deprioritized,-0.0951228043665001,1.99858103200833,6,1,-0.0118371861363913,1.28094385592616,2,1,genebody,-1,1
13934,6.44995663847339e-07,0.000725848351063156,3.74489129963055e-05,0.00514908475160481,57037,chr7,16599779,16645817,gene_body,"",ANKMY2,0.567091907208083,0.463018078014883,0.1040738291932,hyper,TRUE,46,2,0.0132530639623134,18,39.1304347826087,unconfirmed,0.124162761508527,1.88146382916119e-05,0.0104509161850904,0.0567649362587376,0.362632178600023,0.119637825103512,6.92555126663002e-06,0.012376297945237,0.553094013762131,0.876049563004468,tube_robust_fdr,eope_fdr,deprioritized,-0.0054436604161773,1.12641604472496,6,3,0.0354095165175076,1.56734609947761,2,1,genebody,-1,1
46470,9.08041363036973e-07,0.000781629758287747,2.67873316518993e-05,0.00437374940998466,105374910,chr6,8100711,8104710,promoter_TSS2kb,"",LOC105374910,0.354595643320575,0.246981446125951,0.107614197194624,hyper,TRUE,56,0,0.22430804215696,22,39.2857142857143,unconfirmed,0.138666494457082,4.16839046475597e-06,0.00585887450832705,0.0552666950510981,0.306576367364097,0.105372838824268,8.98929304175462e-05,0.0367953358590123,0.270592555025192,0.745550632721345,tube_robust_fdr,eope_fdr,deprioritized,,,,,,,,,promoter,-1,
46471,9.08041363036973e-07,0.000781629758287747,2.67873316518993e-05,0.00437374940998466,105374911,chr6,8100737,8104736,promoter_TSS2kb,"",LOC105374911,0.354595643320575,0.246981446125951,0.107614197194624,hyper,TRUE,56,0,0.22430804215696,22,39.2857142857143,unconfirmed,0.138666494457082,4.16839046475597e-06,0.00585887450832705,0.0552666950510981,0.306576367364097,0.105372838824268,8.98929304175462e-05,0.0367953358590123,0.270592555025192,0.745550632721345,tube_robust_fdr,eope_fdr,deprioritized,,,,,,,,,promoter,-1,
47344,9.08041363036973e-07,0.000781629758287747,2.67873316518993e-05,0.00437374940998466,100526837,chr6,8100560,8104559,promoter_TSS2kb,"",EEF1E1-BLOC1S5,0.354595643320575,0.246981446125951,0.107614197194624,hyper,TRUE,56,0,0.22430804215696,22,39.2857142857143,unconfirmed,0.138666494457082,4.16839046475597e-06,0.00585887450832705,0.0552666950510981,0.306576367364097,0.105372838824268,8.98929304175462e-05,0.0367953358590123,0.270592555025192,0.745550632721345,tube_robust_fdr,eope_fdr,deprioritized,,,,,-0.0489273901021333,1.69730244438656,1,0,promoter,-1,
47345,9.06117520316614e-07,0.000781629758287747,2.67873316518993e-05,0.00437374940998466,9521,chr6,8100549,8104548,promoter_TSS2kb,"",EEF1E1,0.354595643320575,0.246969890087658,0.107625753232917,hyper,TRUE,56,0,0.22430804215696,22,39.2857142857143,unconfirmed,0.138681286186097,4.15781977545325e-06,0.00585887450832705,0.0552666950510981,0.306576367364097,0.105384394862561,8.9752069113305e-05,0.0367953358590123,0.270474830063651,0.745550632721345,tube_robust_fdr,eope_fdr,deprioritized,,,5,,-0.0274088555266146,1.4983374572628,2,1,promoter,-1,
9733,2.12202687170966e-06,0.00122222064261274,8.85894285374e-06,0.0025920558074615,257396,chr5,53109816,53127673,gene_body,"",MOCS2-DT,0.495155518282738,0.382728388669278,0.11242712961346,hyper,TRUE,23,1,0.0143758740894812,9,39.1304347826087,unconfirmed,0.123592556297655,0.000142927577834613,0.0199396843234939,0.076687775222325,0.00974030489617146,0.115014385702669,1.59709373873888e-05,0.0160297891977615,0.586041968380883,0.885506911801712,tube_robust_fdr,eope_fdr,deprioritized,,,,,,,,,genebody,-1,
22142,3.26289496312052e-06,0.00152996308180987,8.08988973406658e-06,0.00245543259032159,55716,chr12,49097136,49110900,gene_body,"",LMBR1L,0.407620190183241,0.288888031395113,0.118732158788129,hyper,TRUE,74,0,0.128924701305918,22,29.7297297297297,unconfirmed,0.0994190907409725,0.00129200545984316,0.0468331424184281,0.146969328021498,0.0151224320781931,0.122623541556443,2.63525484984098e-05,0.0181102791255004,0.529261722685291,0.865494544968448,tube_robust_fdr,eope_fdr,deprioritized,0.200471042090851,2,6,5,0.0256805094034638,1.76848419720668,2,2,genebody,-1,0
31774,3.53015286795433e-06,0.00157302705120019,2.91324508142363e-05,0.00456312743503159,3929,chr20,38346482,38377013,gene_body,"",LBP,0.658759800440773,0.762746866664047,-0.103987066223274,hypo,TRUE,36,3,0.0193788819875776,12,66.6666666666667,unconfirmed,-0.0996904894183802,0.000187582057632802,0.021354825373013,-0.101952756629021,0.0506472027900494,-0.123918150086949,1.19133042795466e-05,0.0152489764506463,0.723840297450219,0.929490030157443,tube_robust_fdr,eope_fdr,deprioritized,0.0546174563391368,1.87162740140675,6,4,-0.00975791704502088,1.39318328418887,2,0,genebody,1,1
31975,4.25421679095858e-06,0.00172521359735634,5.91214325320276e-05,0.00658236612915183,6227,chr20,62387103,62388520,gene_body,"",RPS21,0.35707702869749,0.222129688403423,0.134947340294067,hyper,TRUE,50,0,0.0697908321599185,26,52,unconfirmed,0.147139255208889,0.000142862007166821,0.0199396843234939,0.0966635245813427,0.123061232370417,0.151681311030057,1.33262842346824e-05,0.0156028080752061,0.524677862812127,0.863598241415291,tube_robust_fdr,eope_fdr,deprioritized,-0.0190429471696272,1.42348367215896,6,2,0.0246117874901888,1.32238469791766,2,1,genebody,-1,1
25460,6.20279292681166e-06,0.00208902569486781,5.08648786556876e-06,0.00208337930580798,100505648,chr15,40686161,40695128,gene_body,"",RAD51-AS1,0.409115639692107,0.296105878165241,0.113009761526867,hyper,TRUE,38,0,0.150135306474415,11,28.9473684210526,unconfirmed,0.0970366176162709,0.000624329495138853,0.0337271504522579,0.141787358384546,0.009655982958911,0.102533491219101,4.73943542027698e-05,0.0258889540755537,0.885306900910864,0.972357811032208,tube_robust_fdr,eope_fdr,deprioritized,,,,,0.215708027465356,1.83161600811576,1,1,genebody,-1,
66761,7.51830065285084e-06,0.00237299612420359,6.48561182586669e-06,0.00224838641629619,128710,chr20,10433305,10437304,promoter_TSS2kb,"",SLX4IP,0.555512821450517,0.442170657301631,0.113342164148886,hyper,TRUE,78,0,0.0653761333006616,21,26.9230769230769,unconfirmed,0.101052173411732,0.000831368027622449,0.0383334536991723,0.116164453186973,0.00173956516109782,0.10458089441065,0.000231271988112818,0.0489009888629692,0.802467963504892,0.951719135264917,tube_robust_fdr,eope_fdr,deprioritized,0.0106939829992123,1.44619356150661,5,3,-0.00670135218715109,1.16225766864758,2,1,promoter,-1,0
20971,9.90747318218146e-06,0.00274536533160219,1.90156710134235e-05,0.0036993571896008,84318,chr12,389273,442642,gene_body,"",CCDC77,0.571595455608356,0.462285360915815,0.10931009469254,hyper,TRUE,76,3,0.00838207401434028,25,32.8947368421053,unconfirmed,0.106979211037066,0.000650434901734657,0.0344659426021853,0.0814942714749285,0.0613075525225655,0.127667106967023,2.46423084867516e-05,0.0180516978532287,0.702173204880264,0.922763557013642,tube_robust_fdr,eope_fdr,deprioritized,-0.0268931774121855,1.85739020728966,6,1,0.0175858734084546,1.47812742656088,2,1,genebody,-1,1
52982,9.87532705239368e-06,0.00274536533160219,6.00865114548377e-05,0.00666951159316914,3189,chr10,68329174,68333173,promoter_TSS2kb,"",HNRNPH3,0.328341145913296,0.227522260688553,0.100818885224743,hyper,TRUE,69,0,0.200712382385656,14,20.2898550724638,unconfirmed,0.120730872320548,0.000141064656385093,0.0199396843234939,0.0515707160732037,0.222247949036627,0.100653981467217,0.000102455837989176,0.0379133171395402,0.0325336503314608,0.628769843037646,tube_robust_fdr,eope_fdr,deprioritized,0.0129336848067166,1.2461640929488,6,4,-0.0159900886718486,1.21056911210724,2,1,promoter,-1,0
24387,1.34047352754116e-05,0.00322542623659806,4.45672625939936e-06,0.00191765066130908,2287,chr14,45115599,45135319,gene_body,"",FKBP3,0.512935543493713,0.389316788925614,0.123618754568099,hyper,TRUE,30,0,0.0956149416863411,13,43.3333333333333,unconfirmed,0.117538574147052,0.000565967574492749,0.0326378096998678,0.128420754516343,0.00484497457340769,0.1085742585365,0.00030028366285622,0.0539332632648407,0.857310757629538,0.965342312414726,tube_robust_fdr,eope_nominal,deprioritized,-0.0411486626020591,1.85526045563436,6,2,-0.0329133337087219,1.70896253263512,2,1,genebody,-1,1
51775,1.55254183958695e-05,0.00349385675655396,0.000343764596000495,0.0182215164262639,8021,chr9,131123573,131127572,promoter_TSS2kb,"",NUP214,0.431055874473882,0.319594994358798,0.111460880115084,hyper,TRUE,45,0,0.0536159401749611,16,35.5555555555556,unconfirmed,0.115681987195617,0.000552286568876728,0.0323947967690527,0.0822520285819668,0.117448726558224,0.137133345669898,3.76603660444918e-05,0.0233842149128294,0.864542545996018,0.967479488926031,tube_robust_fdr,eope_fdr,deprioritized,-0.0264162085762398,1.58714177740436,6,3,0.0086313479782188,1.21577479375314,2,2,promoter,-1,1
26198,1.60019618259925e-05,0.0035150495605036,0.000131559155977401,0.0102964566458071,101928595,chr16,30096363,30105193,gene_body,"",YPEL3-DT,0.39899224984504,0.269262458916287,0.129729790928752,hyper,TRUE,67,1,0.00139151986514566,17,25.3731343283582,unconfirmed,0.165627769944684,8.14258443844616e-05,0.0169018904242399,0.029566942808767,0.631349041755308,0.148355897103611,0.000267513923400979,0.0516114388616507,0.139463144082773,0.671148030484648,tube_robust_fdr,eope_nominal,deprioritized,,,,,,,,,genebody,-1,
36496,2.55842093765326e-05,0.00456787628876373,3.54363094191798e-06,0.00172806344092944,26092,chr1,179880042,179884041,promoter_TSS2kb,"",TOR1AIP1,0.257387074135619,0.136104494825604,0.121282579310014,hyper,TRUE,62,1,0.0332093814518729,21,33.8709677419355,unconfirmed,0.124214149303215,0.000160632691617331,0.0202104017437733,0.100750016947704,0.0142582293608568,0.112430711000411,0.000123473861748694,0.0395057047007207,0.419146171191538,0.819161584752418,tube_robust_fdr,eope_fdr,deprioritized,-0.0645644486397569,1.96501570059279,6,3,-0.0220358629989936,1.64945265874651,2,0,promoter,-1,1
1293,5.1031194355691e-05,0.00627366353736148,6.10987527749352e-06,0.00224838641629619,51603,chr1,171781660,171814023,gene_body,"",METTL13,0.282166823018323,0.181287938389362,0.100878884628961,hyper,TRUE,27,0,0.0994660928763425,12,44.4444444444444,unconfirmed,0.0733454938964171,0.000124201638871625,0.0187529204002849,0.120221877393077,0.0210797068178352,0.0977293953534325,4.34572565291197e-05,0.0250714151860793,0.345279859579681,0.78434260170223,tube_robust_fdr,eope_fdr,deprioritized,-0.010376493818916,1.30329452498426,6,4,0.00702009494020765,1.1691759564382,2,2,genebody,-1,1
27908,6.5326783827902e-05,0.00695563840384771,4.5623672791967e-05,0.00571452126264863,25926,chr17,67717931,67744531,gene_body,"",NOL11,0.384691095521113,0.272850799982484,0.111840295538629,hyper,TRUE,32,0,0.275430929998719,13,40.625,unconfirmed,0.104096503387954,5.5519318104853e-05,0.0154878020562102,0.117698968111616,0.073376334560562,0.104577203109801,0.000526645783814136,0.0681019904021661,0.86614547381615,0.967941965421031,tube_robust_fdr,eope_nominal,deprioritized,0.0115263297442648,1.32296800134268,6,3,-0.0544602470136266,1.79845376040295,2,0,genebody,-1,0
2387,7.63556202207793e-05,0.00758326025608589,1.90156710134235e-05,0.0036993571896008,8880,chr1,77944055,77979110,gene_body,"",FUBP1,0.4855926139827,0.373234254965942,0.112358359016758,hyper,TRUE,36,1,0.0320432576150311,15,41.6666666666667,unconfirmed,0.108861990836823,0.000437242305325742,0.0291977979185441,0.0988183420483951,0.0607204055891421,0.103050276844522,0.00127468754429263,0.0991455219562383,0.638150054836298,0.902832547777231,tube_robust_fdr,eope_nominal,deprioritized,-0.0179966167698549,1.68292052916862,6,3,-0.0203175500979823,1.49351939027139,2,0,genebody,-1,1
11016,0.000158909626783794,0.0109075198122376,9.20289265121298e-05,0.00855366190153655,8841,chr5,141620876,141636849,gene_body,"",HDAC3,0.378775466449254,0.266634904302742,0.112140562146512,hyper,TRUE,38,1,0.00278472370558025,17,44.7368421052632,unconfirmed,0.139451254158922,2.58501626983709e-05,0.0120562883329801,0.0333414247238418,0.624967851416329,0.111085793679294,0.00227047354961243,0.128361052633982,0.129951922998708,0.667396142912972,tube_robust_fdr,eope_nominal,deprioritized,-0.0664587184994811,1.97812332023286,6,1,-0.0333262238446175,1.76659620637406,2,0,genebody,-1,1
18867,0.000219649896302063,0.0134090456972359,0.00135007707293029,0.0397566174439231,124902508,chr10,114792371,114821669,gene_body,"",LOC124902508,0.531278939142989,0.411919070103928,0.119359869039061,hyper,TRUE,43,0,0.0959572997472673,18,41.8604651162791,unconfirmed,0.142428329685572,0.000367350585646826,0.0276378684159102,0.0377252709342177,0.606317375689552,0.102036097284836,0.00783450321418748,0.217632310684418,0.126971577649616,0.665392169504451,tube_robust_fdr,eope_nominal,deprioritized,,,,,,,,,genebody,-1,
21206,0.000229575027858993,0.0137534431923256,0.0231548292375381,0.195263868624485,51135,chr12,43758944,43798307,gene_body,"",IRAK4,0.475445884357903,0.366898294123145,0.108547590234758,hyper,TRUE,48,2,0.00295093295660509,31,64.5833333333333,unconfirmed,0.147099836343307,0.00126252171784029,0.0465162512016569,0.0355345999904875,0.654108241366874,0.0992371377291071,0.0113804779068398,0.255537480433027,0.241440741680711,0.728102750387973,tube_robust_fdr,eope_nominal,deprioritized,0.00620591158738264,1.17911353092937,6,4,-0.0281015100940831,1.64123148942726,2,0,genebody,-1,0
18201,0.000245047712723905,0.0142259921351811,0.000217171868892807,0.0136558288437608,56647,chr10,125823546,125853695,gene_body,"",BCCIP,0.45966651429358,0.314317131290654,0.145349383002927,hyper,TRUE,47,1,0.0445795339412361,12,25.531914893617,unconfirmed,0.16271983243627,0.000310334990046132,0.0260601376559428,0.109573394262422,0.112837879899805,0.140920314833159,0.000283933324815096,0.0530701805507072,0.415814391694933,0.817682407134029,tube_robust_fdr,eope_nominal,deprioritized,0.0136280729584841,1.3283906804638,6,3,-0.0152415792638249,1.30733193508979,2,1,genebody,-1,0
30739,0.000257698296744791,0.0146168192613724,0.000110779363717545,0.00937880659399419,105372255,chr19,6175873,6199572,gene_body,"",LOC105372255,0.521571000457406,0.414696679707795,0.106874320749611,hyper,TRUE,41,1,0.0237207039169573,9,21.9512195121951,unconfirmed,0.110969934873401,0.000322125416522903,0.0263236348861844,0.0810898783213656,0.131666975483639,0.101312329234373,0.00232886632750239,0.129902269231156,0.474507570518773,0.84358904005654,tube_robust_fdr,eope_nominal,deprioritized,,,,,,,,,genebody,-1,
62784,0.000259834654805271,0.0146541135926723,0.000201934633400351,0.0130486877773577,100616416,chr17,38823838,38827837,promoter_TSS2kb,"",MIR4727,0.467482329960914,0.359288415104605,0.10819391485631,hyper,TRUE,80,0,0.0704739906191814,32,40,unconfirmed,0.134079067780975,0.00010682309550212,0.0180526131256587,0.0144439482772893,0.687462891035322,0.118495338949612,0.00053157629857619,0.068148677874781,0.0226095445641101,0.628769843037646,tube_robust_fdr,eope_nominal,deprioritized,,,,,,,,,promoter,-1,
3405,0.000335532549034407,0.0168106403402526,0.000478686234667958,0.0219065838577316,105373210,chr1,234745771,234772742,gene_body,"",LOC105373210,0.54382143524834,0.428928203803929,0.114893231444411,hyper,TRUE,17,1,0.0463768115942029,10,58.8235294117647,unconfirmed,0.131832312136704,0.000398018938418311,0.0287517955103314,0.0474532424352661,0.382671256186601,0.143019671386562,0.000341306131903435,0.0573610480797248,0.243317505532188,0.729045545187748,tube_robust_fdr,eope_nominal,deprioritized,,,,,,,,,genebody,-1,
63788,0.000413104727296318,0.0190015977207821,0.000680962809773922,0.0266227492984151,100302211,chr17,48154512,48158511,promoter_TSS2kb,"",MIR1203,0.467144675053844,0.323263655549931,0.143881019503913,hyper,TRUE,17,0,0.157544465133969,9,52.9411764705882,unconfirmed,0.18717219895983,0.000615235586367564,0.0336589931416626,0.0226270175495281,0.65084712596175,0.127016000338405,0.0073940006864192,0.213371814215537,0.063611177774712,0.632184463901728,tube_robust_fdr,eope_nominal,deprioritized,0.0530906090063119,1.7780245914712,2,2,,,,,promoter,-1,0
26358,0.000436377534003693,0.0195110903773241,0.00262092594318486,0.0578045069507594,5432,chr16,57462660,57472009,gene_body,"",POLR2C,0.510639742228547,0.295079479894187,0.21556026233436,hyper,TRUE,1,0,1,0,0,unconfirmed,0.324822930370422,1.01947696023779e-05,0.0074373367707169,-0.053549995755878,0.666207587834332,0.226271833052183,0.00410094476518908,0.167861520670748,0.0112939321131268,0.628769843037646,tube_robust_fdr,eope_nominal,deprioritized,0.0488178244383657,1.79313898267011,6,5,0.0173658895982161,1.39646612068239,2,1,genebody,-1,0
2476,0.000455569857909585,0.020147535650768,4.5623672791967e-05,0.00571452126264863,199857,chr1,94974405,95072951,gene_body,"",ALG14,0.371222464835063,0.264811693959559,0.106410770875504,hyper,TRUE,40,0,0.0573586596469892,10,25,unconfirmed,0.108852339082293,0.000148533968970047,0.0199510264897829,0.0851477951190306,0.152723284055267,0.0790862416837151,0.00570374397479791,0.191892097557506,0.501665274014858,0.854909983679358,tube_robust_fdr,eope_nominal,deprioritized,-0.0206437096126379,1.50655165799852,6,3,-0.0335760887563947,1.780694993647,2,1,genebody,-1,1
19690,0.000740834977514409,0.026370120163126,0.000429215232133906,0.0206690163266168,8726,chr11,86201212,86279807,gene_body,"",EED,0.554963305122791,0.454515150135905,0.100448154986886,hyper,TRUE,87,0,0.107871028923661,28,32.183908045977,unconfirmed,0.104796578602108,0.000741698309722417,0.0367764568351057,0.0606349205059625,0.231770152764262,0.114118489485818,0.000855489145296012,0.0828127660073095,0.598342790670046,0.88870718533143,tube_robust_fdr,eope_nominal,deprioritized,0.014037277506182,1.33167179556234,4,3,0.018461177333095,1.42597173028433,1,1,genebody,-1,0
24986,0.000966136001869039,0.0304353644550889,0.000134857123014642,0.0104166091175027,55142,chr15,42548828,42569994,gene_body,"",HAUS2,0.517435534925376,0.4156654360362,0.101770098889175,hyper,TRUE,29,0,0.0863997267992829,7,24.1379310344828,unconfirmed,0.106170743009263,0.000619918324390465,0.0336589931416626,0.0771765666359943,0.132674879967174,0.0979661499980299,0.00198684007488346,0.122209883838199,0.641294571645292,0.904008736886965,tube_robust_fdr,eope_nominal,deprioritized,-0.10592258879692,1.95947275606966,6,2,-0.0434687333304085,1.70278418691926,2,1,genebody,-1,1
57400,2.54243090212609e-07,0.000422667580974362,2.04974176280464e-06,0.00137554596757463,124902940,chr12,55645245,55649244,promoter_TSS2kb,"",LOC124902940,0.51469690351051,0.36989947547899,0.14479742803152,hyper,TRUE,50,11,0.00150559362126645,43,86,site_confirmed,0.121606843366027,0.000493830445445799,0.0308958526753526,0.156100756451044,0.000572486361310166,0.16590641292635,7.67831874894785e-07,0.00511438851287873,0.137664498402938,0.670522643222571,tube_robust_fdr,eope_fdr,high_confidence,,,,,,,,,promoter,-1,
2861,0.000121827564318888,0.00954115918072595,0.000557136780467745,0.0237768035108837,105371456,chr1,157225321,157279507,gene_body,"",LOC105371456,0.423024602884616,0.306386854952701,0.116637747931916,hyper,TRUE,39,23,8.55834514807974e-05,35,89.7435897435897,site_confirmed,0.165703307445207,0.000186017272890317,0.021354825373013,0.0189263642871582,0.763641226716593,0.128877398120353,0.00141083077744887,0.104731399152372,0.0818284423486688,0.638186032192507,tube_robust_fdr,eope_nominal,high_confidence,,,,,,,,,genebody,-1,
1165,0.000140764822548402,0.0102283559115104,0.000728018570266607,0.0273513622896054,105371455,chr1,157273701,157283968,gene_body,"",LINC02772,0.419884262436059,0.304141840642877,0.115742421793182,hyper,TRUE,40,22,8.55834514807974e-05,36,90,site_confirmed,0.164610978737794,0.000233671972163877,0.0231416912002403,0.018219500606689,0.774681474246903,0.128509450010593,0.00157212273683357,0.110122237863345,0.0840294632838118,0.641405319866875,tube_robust_fdr,eope_nominal,high_confidence,,,,,,,,,genebody,-1,
38022,0.000150753340593193,0.0106404608280602,0.000767471373280522,0.0283387158065238,105371456,chr1,157277508,157281507,promoter_TSS2kb,"",LOC105371456,0.417767370581633,0.301258158295944,0.116509212285689,hyper,TRUE,38,21,8.55834514807974e-05,34,89.4736842105263,site_confirmed,0.164737650228531,0.000255453088850565,0.0238558865560042,0.0196081031207058,0.762139331375161,0.129125337963018,0.00169259491395151,0.11451037557739,0.0881936207016552,0.642350457801557,tube_robust_fdr,eope_nominal,high_confidence,,,,,,,,,promoter,-1,
603,0.000477639250281943,0.0206548087780499,0.000331558529138137,0.0180157197362968,105378770,chr1,63173145,63198684,gene_body,"",LOC105378770,0.767651116162593,0.899797926811,-0.132146810648407,hypo,TRUE,11,3,0.00675024048730565,1,90.9090909090909,site_confirmed,-0.135347161269818,0.00100629970465034,0.0418432137912224,-0.11942355169396,0.0746265276090583,-0.0959569003155097,0.000184709618665624,0.0461775889513102,0.400934612015928,0.811122451229027,tube_robust_fdr,eope_fdr,high_confidence,,,,,,,,,genebody,1,
9563,0.00119465679261379,0.0341088036948141,0.000395207269422926,0.0199479326048866,124901166,chr5,2266857,2278497,gene_body,"",LOC124901166,0.549586873862934,0.656446490865839,-0.106859617002904,hypo,TRUE,18,3,0.0257040800548582,5,72.2222222222222,site_confirmed,-0.0785041888253417,0.0313847067698258,0.225710888342744,-0.161479085419509,0.00222768043304297,-0.0915996793105129,0.0124352585445946,0.264322297158079,0.344254243947171,0.784003836412674,tube_robust_nominal,eope_nominal,high_confidence,,,,,,,,,genebody,1,
2887,9.2079060916382e-05,0.00836953822611124,0.000118676114814414,0.00967772625021714,124904433,chr1,159346166,159469068,gene_body,"",LOC124904433,0.576555015939039,0.725635191471663,-0.149080175532624,hypo,TRUE,25,0,0.0529586658618917,10,60,unconfirmed,-0.0875042618493449,0.0523050078201729,0.289977194427999,-0.253559473427187,0.000352058212128854,-0.152019917833617,0.00168820857713136,0.114319181365839,0.0565736998165904,0.629965369916096,direction_only,eope_nominal,sensitivity_only,,,,,,,,,genebody,1,
27720,0.000144496508219348,0.0103725520934533,0.00355200102886655,0.0685364735583039,79089,chr17,44186970,44191929,gene_body,"",TMUB2,0.499687950950878,0.37986349175602,0.119824459194859,hyper,TRUE,36,0,0.0543312274641151,8,22.2222222222222,unconfirmed,0.0863778097161378,0.0533299411124853,0.292782982226606,0.198422402408781,0.0250487717893188,0.131985258266023,0.00617819686810589,0.198018506705709,0.167296733413763,0.688097678278854,direction_only,eope_nominal,sensitivity_only,0.0550064781132302,1.96958141078172,6,4,0.00669061421644677,1.1887740208989,2,1,genebody,-1,0
8983,0.000236045574809202,0.0139694673997925,0.00265942950778327,0.0578045069507594,7294,chr4,48063158,48134250,gene_body,"",TXK,0.47403640625253,0.591040441995482,-0.117004035742952,hypo,TRUE,33,2,0.0457380457380456,17,48.4848484848485,unconfirmed,-0.0708194612391536,0.103664973078495,0.407590317308949,-0.231230948440026,0.00204428751599226,-0.112874207032905,0.00677275256465126,0.206297452081447,0.100453445502366,0.649684454725933,direction_only,eope_nominal,sensitivity_only,-0.224357393199254,1.99996784674496,6,1,0.0245931545078445,1.38274684893027,2,1,genebody,1,0
66253,0.000299588322367846,0.0157689528627871,0.00347087662782686,0.0678760591420747,339324,chr19,36526272,36530271,promoter_TSS2kb,"",ZNF260,0.627537129368946,0.524628909199105,0.102908220169841,hyper,TRUE,76,2,0.00232076680480429,18,23.6842105263158,unconfirmed,0.0822501494768162,0.0730455781833064,0.34435554808713,0.156956898810306,0.00337181871152056,0.108634065317984,0.0117719590767477,0.258781779056173,0.47408948041538,0.843504970724353,direction_only,eope_nominal,sensitivity_only,0.0506433311385354,1.92745127794543,5,2,-0.0185687921564898,1.15357840562622,1,0,promoter,-1,0
612,0.0004040032792345,0.0188109687265724,0.00239200879322487,0.0548551615523501,148581,chr1,64203623,64267368,gene_body,"",UBE2U,0.469657741345087,0.57272811549274,-0.103070374147653,hypo,TRUE,31,1,0.0408348396261028,16,48.3870967741936,unconfirmed,-0.0723327494685212,0.0702086193594819,0.336840627276011,-0.183110191233141,0.00959447931204588,-0.114440796705038,0.00470039049734303,0.178667851641174,0.374102612687918,0.797829848637431,direction_only,eope_nominal,sensitivity_only,,,6,,-0.0138138828184591,1.75229424926726,2,1,genebody,1,
5890,0.000432629041609832,0.0194208850745624,0.00384470226363434,0.0714512909502858,112268431,chr2,230520594,230589562,gene_body,"",LOC112268431,0.444735591518383,0.550495842018131,-0.105760250499749,hypo,TRUE,28,1,0.00697518980835777,12,57.1428571428572,unconfirmed,-0.0688676566779787,0.128856128233948,0.452651702108302,-0.190276131847666,0.00541467660785455,-0.133483766179186,0.00197096476708617,0.121865500016571,0.193011467136241,0.701984331162968,direction_only,eope_nominal,sensitivity_only,,,,,,,,,genebody,1,
37915,0.000433365164082027,0.0194238940087451,0.00956413119890584,0.119946012168211,284486,chr1,151851713,151855712,promoter_TSS2kb,"",THEM5,0.305609133373778,0.417203610054382,-0.111594476680604,hypo,TRUE,9,0,0.215425614826346,6,33.3333333333333,unconfirmed,-0.084756673301227,0.0833576048047503,0.367787884683457,-0.169102902024927,0.0518102814160471,-0.121304879080399,0.0135650535055196,0.273941595752452,0.254945241948543,0.73545679326926,direction_only,eope_nominal,sensitivity_only,0.0186291049743314,1.68933854137849,6,3,-0.161245871707738,1.89631855962957,2,0,promoter,1,1
64783,0.000498195803058297,0.0210040499147598,0.0112307363752504,0.13119294830048,105372202,chr18,75519945,75523944,promoter_TSS2kb,"",LOC105372202,0.306655617712269,0.414974064109963,-0.108318446397695,hypo,TRUE,6,0,0.109642292950544,2,66.6666666666667,unconfirmed,-0.0835896942205247,0.118481937708413,0.434490258037175,-0.195742874503128,0.00669517925629614,-0.114486532992858,0.00570600052737764,0.191892097557506,0.281191104195053,0.750993521752945,direction_only,eope_nominal,sensitivity_only,,,,,,,,,promoter,1,
13497,0.000524111589893174,0.0216894929828897,0.00270933220119153,0.0587380651608648,441272,chr7,100307702,100322372,gene_body,"",SPDYE3,0.697765342854638,0.829666579604593,-0.131901236749955,hypo,TRUE,4,0,0.114942528735632,1,75,direction_consistent,-0.0702168447519822,0.057487325165477,0.304282553661676,-0.246288305532003,0.00843545832122948,-0.13329843882121,0.0103996756232337,0.244348192606056,0.0746235857662744,0.634820920562073,direction_only,eope_nominal,sensitivity_only,0.0653123164897211,1.99832835064588,6,5,0.0630421505192852,1.94793419060121,2,1,genebody,1,1
27412,0.0005506044053926,0.0223505055747269,0.0015672024934767,0.0431780519747021,284034,chr17,12549528,12642854,gene_body,"",LINC00670,0.401974449916305,0.515635848952755,-0.11366139903645,hypo,TRUE,31,0,0.152379057499398,22,29.0322580645161,unconfirmed,-0.0776772767167394,0.0789364354363066,0.357325946784908,-0.191829248761216,0.00148227914140259,-0.1360195635603,0.0018729409700793,0.119432995593333,0.228482358131324,0.721527207877305,direction_only,eope_nominal,sensitivity_only,0.0584445149874487,1.56697203241079,1,1,-0.0117146847577467,1.44537245681154,2,0,genebody,1,1
14324,0.000575913731181136,0.022871646225999,0.0036313766415454,0.0697431736447835,5444,chr7,95297676,95324532,gene_body,"",PON1,0.287749509601384,0.389776985083633,-0.102027475482249,hypo,TRUE,7,0,0.162162162162162,3,57.1428571428572,unconfirmed,-0.0878868376335379,0.0516187992090647,0.287872870369536,-0.137691159219889,0.0129230578848152,-0.121052259791365,0.00400289965162991,0.166901688493827,0.471555091242551,0.842767963561839,direction_only,eope_nominal,sensitivity_only,-0.0367351450298846,1.92356265058127,6,2,-0.000419128054391704,1.01920269334987,2,0,genebody,1,0
5909,0.000577119571077346,0.0228932442435823,0.0036325778048871,0.0697431736447835,200765,chr2,232543883,232550557,gene_body,"",TIGD1,0.361978097912693,0.470363687545763,-0.10838558963307,hypo,TRUE,15,0,0.0731181916919639,7,53.3333333333333,unconfirmed,-0.0689490635551719,0.116556493691086,0.431297888101846,-0.184758712615058,0.0101430809253367,-0.137546592278692,0.00281526483200048,0.142444896342745,0.242492350499292,0.728756701258795,direction_only,eope_nominal,sensitivity_only,-0.00599906984968909,1.18023388204004,6,5,-0.0224167191093795,1.29165665517892,2,0,genebody,1,0
16058,0.000595773225692603,0.0233170786051164,0.00730764665872177,0.102964985946934,441389,chr9,22640681,22824213,gene_body,"",LINC01239,0.405311641026114,0.522938794541885,-0.117627153515771,hypo,TRUE,16,1,0.0333092169852268,6,62.5,unconfirmed,-0.0951052414578593,0.0602822608458988,0.312093700368713,-0.193697095936977,0.0189449815994704,-0.124707910120168,0.00507486049989514,0.183604042632988,0.235829944938739,0.725827571009143,direction_only,eope_nominal,sensitivity_only,,,,,,,,,genebody,1,
22933,0.000616594870589456,0.0237008311055584,0.0112373142089362,0.13119294830048,83446,chr13,51861969,51866232,gene_body,"",CCDC70,0.365733620734778,0.4935977146885,-0.127864093953722,hypo,TRUE,12,0,0.069599469384307,4,66.6666666666667,unconfirmed,-0.0946351998059596,0.0887861192719292,0.378687261673175,-0.221780793118357,0.0114847103245314,-0.142249435094303,0.00350402435671055,0.158483396969271,0.160664276824425,0.685594410620138,direction_only,eope_nominal,sensitivity_only,-0.0198176890539986,1.79867074484964,6,3,-0.0352992560487448,1.89317605020496,2,0,genebody,1,0
40427,0.000776288986762432,0.0269212063033602,0.00686075251428852,0.0989503765462905,150759,chr2,95831964,95835963,promoter_TSS2kb,"",LINC00342,0.527711792963545,0.628048217608588,-0.100336424645044,hypo,TRUE,23,0,0.0564474418132955,9,60.8695652173913,unconfirmed,-0.0560343459526629,0.189820486013196,0.542127720083117,-0.181561761681334,0.0118112826324216,-0.111006383856797,0.0145059032387942,0.281551564356082,0.134870195573422,0.668785382929912,direction_only,eope_nominal,sensitivity_only,,,,,0.00183287198274347,1.01060533037493,1,1,promoter,1,
3260,0.000802515340088897,0.0273543299612407,0.000285842493211656,0.0162461590469668,643723,chr1,218894466,219173961,gene_body,"",LYPLAL1-DT,0.529706025297857,0.390732110922697,0.138973914375161,hyper,TRUE,48,3,0.00183555843806214,3,6.25,unconfirmed,0.10571943634577,0.0534502328555078,0.293093355759165,0.210987393322816,9.78133339698224e-05,0.105462039255932,0.0349279073532912,0.390707304407373,0.645678706959246,0.904939672443194,direction_only,eope_nominal,sensitivity_only,,,,,,,,,genebody,-1,
29437,0.00120308530595923,0.0342292041852608,0.00192741107677349,0.0485475174367831,105372038,chr18,27305110,27392867,gene_body,"",LOC105372038,0.399635846365762,0.518203996505014,-0.118568150139252,hypo,TRUE,6,0,0.163594724948554,1,83.3333333333333,direction_consistent,-0.0665958207709506,0.126684117733528,0.448529103014839,-0.228148239163598,0.0020063444609897,-0.15057038027787,0.000562969368406553,0.0693535390700769,0.0368460696029226,0.628769843037646,direction_only,eope_nominal,sensitivity_only,,,,,,,,,genebody,1,
63782,0.00164607940000828,0.0410107002560646,0.00361423078388511,0.0697004359028812,79170,chr17,47955884,47959883,promoter_TSS2kb,"",PRR15L,0.54591473104599,0.678375096687359,-0.132460365641369,hypo,TRUE,3,0,0.407804004526226,0,100,direction_consistent,-0.0934563552139008,0.10838954944497,0.416689257230974,-0.212942493788911,0.00403415883501392,-0.156521567604222,0.00480850407054092,0.179896559274965,0.270448313121493,0.745550632721345,direction_only,eope_nominal,sensitivity_only,-0.0327755810538953,1.80833781016211,6,3,0.00700314190659418,1.25099283894067,2,1,promoter,1,0
47283,0.00166736761068277,0.041400069920646,0.00150978359414977,0.0425068510384652,107986676,chr6,170436362,170440361,promoter_TSS2kb,"",LOC107986676,0.604340909200649,0.476700424979349,0.1276404842213,hyper,TRUE,14,0,0.0603341776903182,5,35.7142857142857,unconfirmed,0.0621031483792354,0.15797773876885,0.499297569810895,0.258826965398764,0.0017592429575793,0.168667096521275,4.26856966139326e-05,0.0248217325810018,0.0218510322077193,0.628769843037646,direction_only,eope_fdr,sensitivity_only,,,,,,,,,promoter,-1,
32352,0.00172596025432487,0.0420835135611185,0.00684700934295945,0.0989503765462905,128497,chr20,45886491,45887622,gene_body,"",SPATA25,0.39857229677763,0.573711216826639,-0.175138920049009,hypo,TRUE,12,0,0.508695994430026,7,41.6666666666667,unconfirmed,-0.0819591966503263,0.257400932992465,0.619239387101759,-0.339697156490072,0.00183150160876098,-0.178014342818847,0.0286605798782997,0.36337122779008,0.0391986978232698,0.628769843037646,direction_only,eope_nominal,sensitivity_only,-0.0260012771385476,1.74683415916687,6,2,0.00297327604553969,1.12253165575131,2,2,genebody,1,0
12122,0.00182722590823795,0.0436112635555318,0.00154661338596895,0.0431780519747021,107986676,chr6,170438362,170441020,gene_body,"",LOC107986676,0.605342792462567,0.479644255782291,0.125698536680276,hyper,TRUE,14,0,0.0603341776903182,5,35.7142857142857,unconfirmed,0.0611605593248892,0.161927649257874,0.504296591259929,0.253869177143381,0.00210207417870926,0.166689397216064,4.40749310364329e-05,0.0252291103289719,0.0233440991528981,0.628769843037646,direction_only,eope_fdr,sensitivity_only,,,,,,,,,genebody,-1,
43097,0.00209767627852419,0.0474461423690437,0.0238598484658001,0.198419758478439,105374295,chr3,195013194,195017193,promoter_TSS2kb,"",LOC105374295,0.222687836929081,0.323045204387116,-0.100357367458035,hypo,TRUE,1,0,0.692295425939518,0,100,direction_consistent,-0.0834253804188015,0.132035890725122,0.457654372408023,-0.154210679998495,0.0307671975069895,-0.102026455007022,0.0358030569916197,0.393612604601527,0.733257882298629,0.932595156454242,direction_only,eope_nominal,sensitivity_only,,,,,,,,,promoter,1,
58104,0.00223225507117964,0.0490051002240841,0.0185211995356474,0.172518617551705,10562,chr13,53026813,53030812,promoter_TSS2kb,"",OLFM4,0.395499580386301,0.502782880399224,-0.107283300012923,hypo,TRUE,10,0,0.096356314022978,1,90,direction_consistent,-0.0954995494350911,0.0579861788558759,0.305646440403245,-0.115086757576959,0.0762343246677579,-0.142144877214857,0.00438295347177847,0.173227542768835,0.834342532988619,0.959436543529681,direction_only,eope_nominal,sensitivity_only,-0.0280185579080488,1.76209834059006,6,2,-0.124852111873076,1.45663926989727,2,0,promoter,1,0
52552,0.00225473125670243,0.0493947535086161,0.00630299501182339,0.0946864321938323,107987137,chr9,134215920,134219919,promoter_TSS2kb,"",LOC107987137,0.419767693850866,0.559690539470486,-0.13992284561962,hypo,TRUE,32,0,0.0506595037817205,9,71.875,direction_consistent,-0.108755847911259,0.0816899844187517,0.363888606005832,-0.19836529369468,0.0257264791650528,-0.151726959091449,0.0148366958840876,0.283776771392736,0.508794560550041,0.857601582951548,direction_only,eope_nominal,sensitivity_only,,,,,,,,,promoter,1,
16641,0.00226747751689946,0.0495552570678702,0.00657767585841,0.0968096244851055,101928384,chr9,134216220,134220291,gene_body,"",LOC101928384,0.417741094565246,0.559204347799786,-0.14146325323454,hypo,TRUE,32,0,0.0506595037817205,9,71.875,direction_consistent,-0.10878653451372,0.0826119458484197,0.365784111171399,-0.201422473696958,0.026127224227025,-0.154433414024004,0.0144741501555439,0.281397431947167,0.474815440023653,0.843668395319729,direction_only,eope_nominal,sensitivity_only,,,,,,,,,genebody,1,
38086,3.18127237386821e-06,0.00151461218485492,2.00312060165686e-05,0.00383174545897121,8703,chr1,161175969,161179968,promoter_TSS2kb,"",B4GALT3,0.537326581402535,0.40935464085527,0.127971940547265,hyper,TRUE,59,0,0.0608785083950276,19,32.2033898305085,unconfirmed,0.100648314686859,0.00548737278907143,0.0929472647918072,0.17164153048795,0.00118966945136029,0.13210661359542,0.000331522151662251,0.0564938701253102,0.557335905338952,0.877070840405612,tube_robust_nominal,eope_nominal,tube_robust,-0.104898298411573,1.99641801416209,6,2,-0.0537595145295674,1.67605412405981,2,1,promoter,-1,1
2925,4.8074547720942e-06,0.00184112932811071,1.54240563649126e-05,0.00332813827427914,8703,chr1,161171310,161177968,gene_body,"",B4GALT3,0.609030507689132,0.469567254046454,0.139463253642678,hyper,TRUE,62,2,0.0422215370666406,19,30.6451612903226,unconfirmed,0.104379285636974,0.00653407828478391,0.100531208222896,0.202158143333705,0.000248646065542407,0.141353186353096,0.00027515100411803,0.0520931238261601,0.357914437440269,0.790418731256434,tube_robust_nominal,eope_nominal,tube_robust,-0.104898298411573,1.99641801416209,6,2,-0.0537595145295674,1.67605412405981,2,1,genebody,-1,1
13097,7.04846247440015e-06,0.00229417619608393,0.000147835289330489,0.01095551903408,124901600,chr7,22854254,22892869,gene_body,"",LOC124901600,0.527439735409744,0.412573607921652,0.114866127488091,hyper,TRUE,82,4,0.0149889890219725,46,56.0975609756098,unconfirmed,0.0855836839416259,0.00973405032787363,0.123149776143267,0.16658474107046,0.00291056237915474,0.102224297585773,0.00147160977237344,0.10669685973144,0.317603825554605,0.770776991536026,tube_robust_nominal,eope_nominal,tube_robust,,,,,,,,,genebody,-1,
41612,2.96122126073593e-05,0.00473976833217312,6.2005398127285e-05,0.0067905094223034,84319,chr3,99815837,99819836,promoter_TSS2kb,"",CMSS1,0.470026946912275,0.356143863033347,0.113883083878928,hyper,TRUE,53,1,0.00939077573675169,13,24.5283018867925,unconfirmed,0.0990843415737773,0.00352027207034251,0.0742009007535816,0.158783689127407,0.00313681504475165,0.117296781427931,0.000311648570264196,0.0550059292627469,0.373096500292074,0.797799721837427,tube_robust_nominal,eope_nominal,tube_robust,-0.00202217542645266,1.05953210324154,6,3,-0.00673433674197582,1.12199613191468,2,1,promoter,-1,1
41613,2.96122126073593e-05,0.00473976833217312,6.2005398127285e-05,0.0067905094223034,105374010,chr3,99815912,99819911,promoter_TSS2kb,"",LOC105374010,0.470026946912275,0.356143863033347,0.113883083878928,hyper,TRUE,53,1,0.00939077573675169,13,24.5283018867925,unconfirmed,0.0990843415737773,0.00352027207034251,0.0742009007535816,0.158783689127407,0.00313681504475165,0.117296781427931,0.000311648570264196,0.0550059292627469,0.373096500292074,0.797799721837427,tube_robust_nominal,eope_nominal,tube_robust,,,,,-0.0330934921608006,1.52373578197686,1,0,promoter,-1,
61757,3.78437033077758e-05,0.00539608422915631,6.30332462643409e-05,0.0067905094223034,100287036,chr16,89318452,89322451,promoter_TSS2kb,"",LOC100287036,0.389530274135142,0.552037541569498,-0.162507267434356,hypo,TRUE,20,1,0.0148386574790339,7,65,unconfirmed,-0.114270452519434,0.0176939904899235,0.168636477464564,-0.277116306537832,0.000451757485374459,-0.154906656842544,0.0022091194425439,0.127087876891275,0.0940750645326163,0.646957560480437,tube_robust_nominal,eope_nominal,tube_robust,,,,,,,,,promoter,1,
42116,4.474518342836e-05,0.00580322815144978,0.000358502927018856,0.0185327011346822,100507297,chr3,194581991,194585990,promoter_TSS2kb,"",TMEM44-AS1,0.433030167086618,0.329130351546552,0.103899815540066,hyper,TRUE,85,1,0.00961476416380956,34,40,unconfirmed,0.0781120424652606,0.0101709002332487,0.126269969837613,0.130563424004752,0.00802833735154903,0.12094239864618,0.000164103969469751,0.0442394745419661,0.421315748721874,0.819943120194072,tube_robust_nominal,eope_fdr,tube_robust,,,,,,,,,promoter,-1,
49802,4.7863429750583e-05,0.00600534161131329,0.00141921292781899,0.0409355627934162,100500835,chr7,151431640,151435639,promoter_TSS2kb,"",MIR3907,0.439082177674522,0.55334471626515,-0.114262538590628,hypo,TRUE,47,3,0.0252831737896183,20,57.4468085106383,unconfirmed,-0.0840814029203903,0.0486236019658495,0.279170337604593,-0.170760002055279,0.0225267063653128,-0.139272077099518,0.00199859101430914,0.122437094504529,0.280608202010989,0.750750098984249,tube_robust_nominal,eope_nominal,tube_robust,,,,,,,,,promoter,1,
66708,5.23515997305966e-05,0.00631343034333034,0.000156907924974803,0.0113156147706564,122152330,chr20,2662352,2666351,promoter_TSS2kb,"",IDH3B-DT,0.482599612983733,0.370613811582045,0.111985801401688,hyper,TRUE,72,0,0.0605577412652071,27,37.5,unconfirmed,0.110388505572667,0.00212188405918179,0.0591364674820516,0.103151844786453,0.0302984587015178,0.106763966175837,0.000904264702503579,0.0851011488575609,0.324415352043966,0.774201568248171,tube_robust_nominal,eope_nominal,tube_robust,,,,,,,,,promoter,-1,
67222,5.26493206845233e-05,0.00631343034333034,0.000156907924974803,0.0113156147706564,3420,chr20,2662220,2666219,promoter_TSS2kb,"",IDH3B,0.482656923148798,0.370528045866373,0.112128877282425,hyper,TRUE,72,0,0.0605577412652071,27,37.5,unconfirmed,0.110491858953509,0.00211299937536961,0.0590777658921924,0.103315383118657,0.0309026321095752,0.106843611191301,0.00090309762553123,0.0851011488575609,0.323433963908047,0.773863260236354,tube_robust_nominal,eope_nominal,tube_robust,0.00150797144125419,1.05007248967803,6,4,-0.0118616985144822,1.38858346041043,2,0,promoter,-1,0
21412,5.28216683138005e-05,0.00632373059544661,3.27813719586837e-05,0.00477667688452947,9194,chr12,59596029,59789855,gene_body,"",SLC16A7,0.542371295331889,0.437632579598791,0.104738715733098,hyper,TRUE,80,0,0.180742776262361,29,36.25,unconfirmed,0.0915039073808885,0.00165358838184652,0.0525641656275853,0.126083211266422,0.00648194685278954,0.0963654074286412,0.000761646955461815,0.0777229955149467,0.830247936038246,0.958415806983644,tube_robust_nominal,eope_nominal,tube_robust,0.000877801861928946,1.03167074903126,6,3,-0.0283043503094834,1.49641054301396,2,1,genebody,-1,0
67054,6.1508691518411e-05,0.00675561226304614,0.000720385718414667,0.0273513622896054,693230,chr20,50583786,50587785,promoter_TSS2kb,"",MIR645,0.729006491075249,0.85006653471727,-0.121060043642021,hypo,TRUE,3,1,0.0277883036503726,0,100,direction_consistent,-0.102646767513225,0.00679535944183922,0.102560389488749,-0.179720221421902,0.0107710379574006,-0.12587750523299,0.000224157797007154,0.0487320632541775,0.264929338525876,0.742400460642114,tube_robust_nominal,eope_fdr,tube_robust,0.0446588083652732,1.61981204530875,2,2,,,,,promoter,1,1
54354,6.17973085277696e-05,0.006755848554343,0.000159335637526331,0.0113156147706564,497258,chr11,27504808,27508807,promoter_TSS2kb,"",BDNF-AS,0.583802021427798,0.471433225656836,0.112368795770962,hyper,TRUE,51,0,0.0619451071897831,16,31.3725490196078,unconfirmed,0.11122825046651,0.00610963787172467,0.097313086395248,0.108011508449331,0.049439721940552,0.1096186854401,0.00122265360656664,0.0975896012560717,0.606367149464417,0.891439421834552,tube_robust_nominal,eope_nominal,tube_robust,-0.0082957108192207,1.16348016967209,2,0,,,,,promoter,-1,1
55383,6.17973085277696e-05,0.006755848554343,0.000159335637526331,0.0113156147706564,55327,chr11,27504770,27508769,promoter_TSS2kb,"",LIN7C,0.583802021427798,0.471433225656836,0.112368795770962,hyper,TRUE,51,0,0.0619451071897831,16,31.3725490196078,unconfirmed,0.11122825046651,0.00610963787172467,0.097313086395248,0.108011508449331,0.049439721940552,0.1096186854401,0.00122265360656664,0.0975896012560717,0.606367149464417,0.891439421834552,tube_robust_nominal,eope_nominal,tube_robust,-0.0703260488662529,1.95556210230673,6,4,-0.036646042200776,1.42333177273849,2,0,promoter,-1,1
12268,7.10750171852498e-05,0.00729413571255973,0.00233641562911001,0.0538810807932635,6568,chr6,25723397,25832052,gene_body,"",SLC17A1,0.50801333147187,0.626567482844719,-0.118554151372849,hypo,TRUE,25,0,0.0516869300911854,9,64,unconfirmed,-0.0987790705653676,0.0303709098320455,0.221607187388075,-0.152330993972199,0.0510382084573248,-0.161005002214508,0.00033347737779867,0.0565591527637287,0.576550298653732,0.883162344987031,tube_robust_nominal,eope_nominal,tube_robust,-0.0192607951065131,1.74016129991748,6,2,0.0143729204969281,1.55849352385798,2,2,genebody,1,0
22387,9.55116214715362e-05,0.0085919424908951,0.00217405621894245,0.0518368264285792,105369860,chr12,78303353,78359746,gene_body,"",LINC02424,0.304127246859987,0.421877555382621,-0.117750308522635,hypo,TRUE,5,0,0.10852401758942,1,80,direction_consistent,-0.114115903737934,0.0134351548407852,0.145878143085579,-0.0972208461588679,0.0831867782946631,-0.140630821092506,0.00210186046256253,0.124495726945428,0.719218544105708,0.927844159637924,tube_robust_nominal,eope_nominal,tube_robust,,,,,,,,,genebody,1,
8537,0.000101020362965104,0.00874489646174134,3.50427398944561e-05,0.00497729385980519,5393,chr4,121801318,121817021,gene_body,"",EXOSC9,0.679668996235366,0.575519008184997,0.104149988050369,hyper,TRUE,19,0,0.24192260646015,7,36.8421052631579,unconfirmed,0.08909575090997,0.00361016361175532,0.0751630852048312,0.12323270330623,0.000118131695220614,0.103596434695097,0.000715039000166439,0.0749502038672315,0.543225593529816,0.871449696423729,tube_robust_nominal,eope_nominal,tube_robust,-0.00176269932033044,1.0544867925332,6,3,0.00012526686509625,1.00256022666191,2,1,genebody,-1,1
22275,0.000106183910500748,0.00896555912327866,0.000417525615673027,0.0204461633224356,4640,chr12,57028517,57051198,gene_body,"",MYO1A,0.62267768577298,0.778761471288737,-0.156083785515757,hypo,TRUE,18,0,0.0625383432487695,5,72.2222222222222,direction_consistent,-0.105869948470774,0.0350135436932909,0.238479194528477,-0.250221589977319,0.0058192570638946,-0.193755360613895,0.000556804073738767,0.0693535390700769,0.0433061539333986,0.628769843037646,tube_robust_nominal,eope_nominal,tube_robust,-0.079081939092181,1.9919841890969,6,1,0.0138679272696927,1.51180587635275,2,2,genebody,1,0
3554,0.000139207522111116,0.010192944772156,0.00017676496653433,0.0121893301410328,124907734,chr2,11371440,11386310,gene_body,"",LOC124907734,0.391104812306524,0.569542709066301,-0.178437896759777,hypo,TRUE,9,0,0.405624069050799,2,77.7777777777778,direction_consistent,-0.131894367277721,0.0266994817801452,0.208000743113369,-0.274646286287908,0.000836412020428638,-0.197549249887178,0.000863011076781169,0.0828127660073095,0.145843400888452,0.675456064846683,tube_robust_nominal,eope_nominal,tube_robust,,,,,,,,,genebody,1,
56107,0.000140788896785393,0.0102283559115104,0.000358502927018856,0.0185327011346822,4798,chr11,129893591,129897590,promoter_TSS2kb,"",NFRKB,0.359982342292133,0.258398344870198,0.101583997421935,hyper,TRUE,80,0,0.055943131969769,21,26.25,unconfirmed,0.107391165266939,0.0019056613892012,0.0565042022048783,0.0881668479406014,0.0737798365073409,0.0948670158766984,0.00426857124685457,0.171560036580246,0.788796306343733,0.947757018825847,tube_robust_nominal,eope_nominal,tube_robust,0.00657607785607803,1.18055320008506,6,4,-0.0103074277892112,1.25930839602382,2,1,promoter,-1,0
45289,0.00017754954731155,0.0116062504796651,0.000190396743282986,0.0126266010676916,55374,chr5,140637435,140641434,promoter_TSS2kb,"",TMCO6,0.389973009340166,0.282730227503277,0.107242781836889,hyper,TRUE,51,1,0.0124168905286923,18,35.2941176470588,unconfirmed,0.103925199531317,0.00152572294122419,0.0504344180149309,0.127418279086283,0.0520096336939004,0.0973791618097607,0.000634940860514853,0.0718399252732761,0.823804284300975,0.956912260620388,tube_robust_nominal,eope_nominal,tube_robust,0.00542057104554514,1.14552237722227,4,3,0.0205662876726231,1.58492828481253,2,1,promoter,-1,0
30748,0.000178783876964508,0.0116765027073213,0.00188627169472154,0.0481051974791881,284427,chr19,6426037,6433779,gene_body,"",SLC25A41,0.346856739514415,0.454944593712102,-0.108087854197687,hypo,TRUE,8,0,0.242424242424242,3,62.5,unconfirmed,-0.0894053996187766,0.0413933221452437,0.258243875606101,-0.149986909267301,0.0138328383707621,-0.125220420327663,0.00121971328894485,0.0975896012560717,0.46526470139852,0.841075420470913,tube_robust_nominal,eope_nominal,tube_robust,-0.0132617537259953,1.64234820577892,6,2,-0.0150614613743367,1.54173463628281,2,1,genebody,1,0
2482,0.000180266730288836,0.0117384810917158,0.000250959052143426,0.0152422817773359,101928241,chr1,96254069,96374125,gene_body,"",LINC01787,0.456382509382742,0.606837290124092,-0.15045478074135,hypo,TRUE,26,0,0.0587412587412588,7,73.0769230769231,direction_consistent,-0.0921771086073,0.0394063121332967,0.253034209173281,-0.268028700459904,0.000270931410703503,-0.165575875912881,0.000159081016179109,0.0438184472722826,0.0778021387877458,0.636665848958854,tube_robust_nominal,eope_fdr,tube_robust,,,,,,,,,genebody,1,
1211,0.000208216319589535,0.0129622190173066,0.01772055738316,0.168340692397843,4817,chr1,161118086,161125445,gene_body,"",NIT1,0.375040511200763,0.264917869519466,0.110122641681297,hyper,TRUE,18,2,0.0183373790137223,8,44.4444444444444,unconfirmed,0.11773585436371,0.0242664640301153,0.198556535554354,0.0756618182921487,0.423231139132277,0.122689021851849,0.015092956769131,0.2860439341742,0.820293540379208,0.955876611996396,tube_robust_nominal,eope_nominal,tube_robust,0.00671525368156727,1.19021711875305,6,3,-0.0129455324596597,1.36133443647336,2,0,genebody,-1,0
54793,0.00021628283005961,0.0132932299565676,0.0023576518435322,0.0543173282049429,80227,chr11,73874699,73878698,promoter_TSS2kb,"",PAAF1,0.266355192134509,0.1067501832812,0.159605008853309,hyper,TRUE,7,0,0.609161976235147,3,42.8571428571429,unconfirmed,0.137975676451898,0.00163188019082323,0.0522556263451704,0.18839517153999,0.0719150605916056,0.161361104939924,0.0028189971160652,0.142444896342745,0.615642374401095,0.89544896602479,tube_robust_nominal,eope_nominal,tube_robust,-0.199514894874367,1.99999997995102,6,0,-0.000236709237181877,1.00812559495178,2,1,promoter,-1,1
10080,0.000309881300036563,0.0159966106810688,0.00191510521249265,0.048322220104661,107986453,chr5,135821706,135826584,gene_body,"",LOC107986453,0.693448231371251,0.80900900189537,-0.11556077052412,hypo,TRUE,7,0,0.0585304681381243,1,85.7142857142857,direction_consistent,-0.116955112532289,0.0022001307374961,0.0603087920387601,-0.0985295610592468,0.146996085429093,-0.114457318238418,0.00105792371834777,0.0917713280251545,0.611477622108099,0.893572302927712,tube_robust_nominal,eope_nominal,tube_robust,,,,,,,,,genebody,1,
66651,0.00032666018288309,0.0165474647212827,0.0020002402990716,0.0494302626339491,147687,chr19,57914611,57918610,promoter_TSS2kb,"",ZNF417,0.359978845565629,0.233706429569891,0.126272415995738,hyper,TRUE,58,1,0.0350097165492967,25,43.1034482758621,unconfirmed,0.125407914163395,0.00169798545803436,0.0530580850376963,0.112076599085515,0.179487650732158,0.15899874445231,0.000107569432054957,0.0384462753469355,0.880041025359893,0.971041300333753,tube_robust_nominal,eope_fdr,tube_robust,-0.0123500362129004,1.29297873715628,6,2,-0.00912532705936801,1.24079344526036,2,0,promoter,-1,1
61928,0.000427679965089176,0.0193259849767909,0.00811519736470743,0.108867909232129,105447648,chr16,14368336,14372335,promoter_TSS2kb,"",LINC02130,0.383358660324866,0.494032875676035,-0.110674215351169,hypo,TRUE,22,2,0.0225945494994438,5,77.2727272727273,direction_consistent,-0.123257847858785,0.028885250659595,0.216491001841143,-0.100788461353727,0.125272578536871,-0.131864248587585,0.00446623373357068,0.174566978630649,0.720953595350223,0.928401636693607,tube_robust_nominal,eope_nominal,tube_robust,,,,,,,,,promoter,1,
35264,0.000447999445788825,0.0199090300489435,0.00149154477633014,0.0420761732738131,10277,chr1,10030832,10034831,promoter_TSS2kb,"",UBE4B,0.392252428762267,0.290887031922178,0.10136539684009,hyper,TRUE,99,1,0.00580231224333772,43,43.4343434343434,unconfirmed,0.0857054154635132,0.00477371695914978,0.0866710168409123,0.0923572660421902,0.161402884194582,0.103700296118752,0.00690211577010838,0.208197250045315,0.964112613193202,0.990521447064041,tube_robust_nominal,eope_nominal,tube_robust,-0.050584956397496,1.80851535577759,6,3,0.0192029002795126,1.39848383803186,2,1,promoter,-1,1
66533,0.000496824993855291,0.0209622722587707,0.00159825472464861,0.0439125073105884,43847,chr19,51082246,51086245,promoter_TSS2kb,"",KLK14,0.547186677701384,0.70745039274451,-0.160263715043127,hypo,TRUE,2,0,0.0569169960474308,0,100,direction_consistent,-0.155683728036669,0.0198502190355029,0.178977464387412,,,-0.17993029379584,0.00247324636373662,0.134029266998213,0.998310209172505,0.999612735189178,tube_robust_nominal,eope_nominal,tube_robust,-0.00623651803116842,1.21851481432435,6,2,0.0124679349510731,1.43683687865398,2,2,promoter,1,0
69721,0.000598932200947033,0.023340805878995,0.000392400497834502,0.0198501463455036,6758,chrX,48194796,48198795,promoter_TSS2kb,"",SSX5,0.693015838911955,0.833250149886752,-0.140234310974797,hypo,TRUE,4,0,0.074959876575168,1,75,direction_consistent,-0.108647755842012,0.0320758419693408,0.228040543032128,-0.209131119523988,0.00491478762205692,-0.170378738454452,0.000953276506250971,0.087307020420628,0.237979947845313,0.726932140742808,tube_robust_nominal,eope_nominal,tube_robust,-0.0172416126801849,1.72563508012077,5,1,-0.00131247418007201,1.08221478193605,2,1,promoter,1,0
10016,0.000668098448503609,0.024887749522612,0.000479172830048266,0.0219065838577316,101927460,chr5,125358095,125602227,gene_body,"",LINC02240,0.752485300642685,0.862851090975528,-0.110365790332844,hypo,TRUE,11,0,0.0574162679425837,4,63.6363636363636,unconfirmed,-0.0477340209775061,0.0317295412643109,0.226666728131067,-0.213971056196095,0.00544362772486953,-0.137210764124462,0.000309511014157198,0.0550059292627469,0.0102975111057482,0.628769843037646,tube_robust_nominal,eope_nominal,tube_robust,,,,,,,,,genebody,1,
31606,0.000715733115734781,0.0259052181839524,0.00192165178661984,0.0484706844440234,124904871,chr20,12506863,12606143,gene_body,"",LOC124904871,0.503949307337634,0.674756991640961,-0.170807684303327,hypo,TRUE,13,1,0.0213300601350236,3,76.9230769230769,direction_consistent,-0.181406314596796,0.00507714739369828,0.0891976683022304,-0.181128837741492,0.0718701436895793,-0.185566219906276,0.00125711725443588,0.0986030199141391,0.810699062134808,0.95365316882487,tube_robust_nominal,eope_nominal,tube_robust,,,,,,,,,genebody,1,
13180,0.000731069411311532,0.0262121659060553,0.00066075595945736,0.0260977197205113,105375230,chr7,35352291,35387339,gene_body,"",LOC105375230,0.580200414922299,0.393618673047369,0.18658174187493,hyper,TRUE,4,0,0.0948991160539412,3,75,direction_consistent,0.167097614878179,0.00628370624403867,0.098670771238507,0.252948964648973,0.0231628347390217,0.162609462121301,0.00344896402518985,0.157566198806699,0.401985965516029,0.811720625720042,tube_robust_nominal,eope_nominal,tube_robust,,,,,,,,,genebody,-1,
38071,0.000767857854017088,0.0268742900983933,0.00786636698192766,0.107553086354027,962,chr1,160709832,160713831,promoter_TSS2kb,"",CD48,0.334088152344731,0.220512399671407,0.113575752673324,hyper,TRUE,2,1,0.00911150058439092,2,100,direction_consistent,0.123822690209687,0.00475975964822737,0.0865306218605204,0.0861033807462379,0.279898043494651,0.0784049458624797,0.0688608692507197,0.493706126060853,0.381283179248166,0.800756752988112,tube_robust_nominal,not_eope,tube_robust,-0.107149596229764,1.97452589416755,6,3,-0.0344431154814654,1.54996119931081,2,0,promoter,-1,1
31974,0.000804970261384603,0.0274167150543329,0.00140119732194816,0.0409355627934162,101928158,chr20,62352970,62356482,gene_body,"",LAMA5-AS1,0.531924242088419,0.650443144954247,-0.118518902865828,hypo,TRUE,32,0,0.119762699295513,11,65.625,unconfirmed,-0.116680546287843,0.00576751194647156,0.0950287326137592,-0.110181749115579,0.09950455278975,-0.0907247947980992,0.0411797887652149,0.41235879782578,0.756364216853064,0.938549080295983,tube_robust_nominal,eope_nominal,tube_robust,,,,,,,,,genebody,1,
31435,0.00092102358239497,0.0296136408813307,0.000609936553416298,0.0250355235264088,105372460,chr19,54514203,54527171,gene_body,"",LOC105372460,0.576250334080058,0.746033315642691,-0.169782981562633,hypo,TRUE,1,0,0.741106719367589,0,100,direction_consistent,-0.141629649081401,0.0254343753733301,0.202995628927395,-0.273533554568037,0.000793411483926089,-0.145327539613049,0.00401338911882553,0.166901688493827,0.167218847995057,0.688097678278854,tube_robust_nominal,eope_nominal,tube_robust,,,,,,,,,genebody,1,
28364,0.000940629024193399,0.0299612293282072,0.000683640084425991,0.0266227492984151,645832,chr17,28363506,28368012,gene_body,"",SEBOX,0.657813994356177,0.797790922411632,-0.139976928055455,hypo,TRUE,2,0,0.558024213699602,0,100,direction_consistent,-0.14828537433239,0.00340275639896668,0.0728630912492481,,,-0.11680433861932,0.00432350283921104,0.17231616031611,0.602608837180645,0.890419054504586,tube_robust_nominal,eope_nominal,tube_robust,0.0189702956103894,1.73354199242743,5,3,-0.0255848062117326,1.70749669749684,1,0,genebody,1,1
62596,0.00112746924019942,0.033075239904543,0.00172903723282307,0.0457747432162655,7314,chr17,16378798,16382797,promoter_TSS2kb,"",UBB,0.399630770366787,0.292538647712918,0.107092122653869,hyper,TRUE,59,0,0.0858909993090019,24,40.6779661016949,unconfirmed,0.0862876086903028,0.0250192402509987,0.201536036215007,0.134247374575886,0.0348991437013792,0.104957806262782,0.00433904704828519,0.172500074976022,0.763471130812813,0.940619098310423,tube_robust_nominal,eope_nominal,tube_robust,-0.117436054891084,1.99999877079931,6,1,-0.0227171052726098,1.61460972508468,2,1,promoter,-1,1
60662,0.00116024770582975,0.0335598707873475,0.000429215232133906,0.0206690163266168,80237,chr15,43797134,43801133,promoter_TSS2kb,"",ELL3,0.411133213977522,0.307470101663292,0.10366311231423,hyper,TRUE,34,1,0.0286319600733524,15,44.1176470588235,unconfirmed,0.0709488460640177,0.0297369880984565,0.219504814442006,0.158065840868735,0.0240203787883196,0.119601387668949,0.00278314669928085,0.141413575249382,0.0654200005335103,0.632184463901728,tube_robust_nominal,eope_nominal,tube_robust,0.019936792589927,1.59845372068869,6,4,0.0427997468904425,1.9911043539778,2,2,promoter,-1,0
63444,0.0011774940061194,0.0338433522827591,0.0020002402990716,0.0494302626339491,124903937,chr17,16378675,16382674,promoter_TSS2kb,"",LOC124903937,0.399630770366787,0.293092357568954,0.106538412797834,hyper,TRUE,59,0,0.0858909993090019,24,40.6779661016949,unconfirmed,0.0855788600745774,0.0260125985396418,0.205484224061991,0.134247374575886,0.0348991437013792,0.104404096406747,0.00447680946712783,0.174566978630649,0.75621011742228,0.938472781018183,tube_robust_nominal,eope_nominal,tube_robust,,,,,,,,,promoter,-1,
55768,0.0012275387824639,0.034695520424911,0.0876617446114845,0.384636872103705,51287,chr11,73874902,73878901,promoter_TSS2kb,"",COA4,0.220491214626509,0.104103116571633,0.116388098054877,hyper,TRUE,7,0,0.609161976235147,3,42.8571428571429,unconfirmed,0.10437838322417,0.0143492394328066,0.151292860566337,0.116950260242137,0.210326626572273,0.102440369005084,0.0330509226794918,0.38371225698046,0.789045303177493,0.947843198953794,tube_robust_nominal,eope_nominal,tube_robust,-0.0444730969200922,1.92284088360001,6,2,0.0366214644463049,1.89611210355492,2,1,promoter,-1,1
63007,0.00125754298035649,0.0352035032250734,0.0116678775005183,0.134026680811544,55181,chr17,59195566,59199565,promoter_TSS2kb,"",SMG8,0.268555152831448,0.376193156730741,-0.107638003899293,hypo,TRUE,6,0,0.388203551898427,3,50,unconfirmed,-0.119132554149439,0.0268809973696788,0.20824788646753,-0.0861751429628234,0.328382746107811,-0.119499400010037,0.0110238026894671,0.251391666270401,0.741217391650062,0.934760023132873,tube_robust_nominal,eope_nominal,tube_robust,-0.00135126983642038,1.03153980746124,6,3,-0.0469709919310587,1.94655502891083,2,0,promoter,1,0
12522,0.00131001621632384,0.0361740529224825,0.00309118146244672,0.0632267166871423,100873951,chr6,53978549,54079726,gene_body,"",MLIP-AS1,0.471301414117776,0.608522359742145,-0.137220945624369,hypo,TRUE,20,0,0.215572858731924,6,70,direction_consistent,-0.0978947891198401,0.0499634485174922,0.282663299575081,-0.172192003719809,0.0345165437345121,-0.158233759893722,0.005641961726245,0.190758318042626,0.314061310911309,0.768502079557078,tube_robust_nominal,eope_nominal,tube_robust,,,,,,,,,genebody,1,
61706,0.00134625229971474,0.0366080532414623,0.000755902570335829,0.0283387158065238,400548,chr16,85128343,85132342,promoter_TSS2kb,"",LINC02139,0.514534792787698,0.671726451033985,-0.157191658246287,hypo,TRUE,11,1,0.0120723362658847,7,36.3636363636364,unconfirmed,-0.164265848802527,0.0039317881681011,0.0785130707069782,-0.129507467540952,0.109933285238419,-0.128373462648485,0.0100289829861111,0.240606926787614,0.405286440249609,0.813257178796877,tube_robust_nominal,eope_nominal,tube_robust,,,,,,,,,promoter,1,
258,0.00138262182240743,0.0372508364881984,0.00715828829916555,0.101461324358077,105376879,chr1,25041136,25047404,gene_body,"",LINC02793,0.47994725889487,0.592121152192408,-0.112173893297538,hypo,TRUE,9,0,0.142890839010711,2,77.7777777777778,direction_consistent,-0.092960096869285,0.0489760203338343,0.280087793405587,-0.154854349710751,0.0502752832686432,-0.130456275647322,0.00638843644624273,0.20089027896127,0.357209491446144,0.790115427415125,tube_robust_nominal,eope_nominal,tube_robust,,,,,,,,,genebody,1,
33406,0.00143877408096439,0.038106815173353,0.0039723387143964,0.0733450212009205,728233,chr22,18533646,18577968,gene_body,"",PI4KAP1,0.737895197732891,0.60323141285072,0.134663784882171,hyper,TRUE,23,1,0.0177811550151976,7,30.4347826086957,unconfirmed,0.132730769882111,0.0162543016874112,0.161560698358537,0.143988313257106,0.218869338964904,0.183401272775753,0.000887692537874065,0.084140161135181,0.429734671177443,0.82372019107982,tube_robust_nominal,eope_nominal,tube_robust,-0.0148109543008943,1.49805450232876,4,2,-0.0292120925519609,1.5311077598654,1,0,genebody,-1,1
30451,0.00167842244676523,0.041524478024045,0.0179637662202035,0.170186966905252,646508,chr19,53277462,53284947,gene_body,"",FAM90A27P,0.717440985884287,0.849339090776493,-0.131898104892206,hypo,TRUE,5,1,0.0496139027260563,1,80,direction_consistent,-0.120173420269802,0.0300795696323973,0.220881288584243,-0.164196427354322,0.0629499600486106,-0.133122445562912,0.0155310345044029,0.289774221314769,0.883929956974735,0.971711879963749,tube_robust_nominal,eope_nominal,tube_robust,0.0234801846827306,1.32745472284129,1,1,-0.0360928771057926,1.7514390672117,1,0,genebody,1,1
59865,0.00168245649773091,0.0415911716683965,0.000479052987367057,0.0219065838577316,124903388,chr14,101808322,101812321,promoter_TSS2kb,"",LOC124903388,0.546586463933504,0.407605869493174,0.13898059444033,hyper,TRUE,13,1,0.0391406642605875,8,61.5384615384615,unconfirmed,0.116859641751421,0.0123010389003334,0.139874904710017,0.157099187400327,0.0359478734713971,0.11624068909348,0.0288426408612353,0.364419978144826,0.827933878171912,0.957860031492731,tube_robust_nominal,eope_nominal,tube_robust,,,,,,,,,promoter,-1,
59878,0.00185292169135947,0.044005686973884,0.0101614058415934,0.124482067337154,112268130,chr14,103511443,103515442,promoter_TSS2kb,"",LOC112268130,0.509164865432519,0.676217745448752,-0.167052880016234,hypo,TRUE,12,0,0.0741228995786527,4,66.6666666666667,unconfirmed,-0.165240853090833,0.039971119088332,0.254940923723403,-0.187705780875235,0.0502711199518256,-0.163627736288597,0.0194522191605736,0.316057742119885,0.555528304147902,0.876511279713612,tube_robust_nominal,eope_nominal,tube_robust,,,,,,,,,promoter,1,
13179,0.00188862914539656,0.0445787172402284,0.00120139960324916,0.0374448837629821,401324,chr7,35313775,35377073,gene_body,"",LOC401324,0.587801865541741,0.432454431118491,0.15534743442325,hyper,TRUE,3,0,0.0948991160539412,3,100,direction_consistent,0.131145128543281,0.0177728458940703,0.169191063458255,0.239779884251934,0.0110565715938743,0.133169022841348,0.00851851145552385,0.224790284634411,0.275500422032522,0.748210621178991,tube_robust_nominal,eope_nominal,tube_robust,,,,,,,,,genebody,-1,
1673,0.00216481620051032,0.0482633268622154,0.00565574638827959,0.0896263184115751,107985364,chr1,234751467,234775831,gene_body,"",LOC107985364,0.498243877772843,0.37044560557719,0.127798272195652,hyper,TRUE,14,1,0.0463768115942029,8,57.1428571428572,unconfirmed,0.129760889674333,0.00767211004584888,0.109004321711962,0.11167459609861,0.1995091533402,0.160853786868623,0.00217200642081652,0.126298230216422,0.981720619136772,0.994555473507383,tube_robust_nominal,eope_nominal,tube_robust,,,,,,,,,genebody,-1,
