rsid,cpg,region_id,pos38,consequence,gene,distance_to_gene,beta_m,p_m
rs9878943,cg18129748,106528,49397221,intron_variant,RHOA,,0.0962812,0
rs4855833,cg18129748,106528,49620008,intron_variant,BSN,,0.0881462,0
rs11714799,cg27360567,106528,50180466,intron_variant,SEMA3F,,0.3264909,7.09e-292
rs4688760,cg18129748,106528,49943163,intron_variant,RBM6,,-0.1025327,3.858e-24
rs1467915,cg18129748,106528,50486067,intron_variant,CACNA2D2,,-0.07444,3.667e-06
,cg15445000,84604,,,,,-0.1152306,3.207e-13
rs12496226,cg24308560,106528,49696607,intron_variant,RNF123,,-0.3765201,0
rs7613360,cg24308560,106528,49879277,intron_variant,ACTL11P,,-0.5276055,0
rs13083396,cg24308560,106528,49959760,intron_variant,RBM6,,-0.4086428,0
rs17225749,cg24308560,106528,50093707,splice_polypyrimidine_tract_variant,RBM5,,-0.3874452,2.15e-152
rs4688759,cg24308560,106528,49970685,intron_variant,RBM6,,0.3558955,4.26e-140
rs11711485,cg27360567,106528,49454550,3_prime_UTR_variant,TCTA,,0.2506084,2.066e-70
rs12637870,cg24308560,106528,50468642,intron_variant,CACNA2D2,,0.2918715,1.6e-118
rs12492113,cg24308560,106528,50483971,intron_variant,CACNA2D2,,-0.2917303,8.99e-113
rs6792911,cg27360567,106528,49392423,5_prime_UTR_variant,RHOA,,-0.1567133,4.006e-63
rs67070774,cg27360567,106528,49862917,intron_variant,CAMKV,,0.2424476,1.223e-60
rs3923475,cg27360567,106528,49018355,non_coding_transcript_exon_variant,DALRD3,,0.2225635,4.616e-52
rs3870336,cg24308560,106528,49520424,intron_variant,DAG1,,0.340668,6.75e-97
rs111382624,cg27360567,106528,50043340,intron_variant,RBM6,,-0.181003,1.151e-29
rs79176091,cg24308560,106528,50625901,intron_variant,MAPKAPK3,,-0.2614837,4.774e-72
rs7429338,cg27360567,106528,49752182,intron_variant,IP6K1,,0.2344366,5.467e-31
rs2526400,cg27360567,106528,50149515,intron_variant,SEMA3F-AS1,,0.1625764,1.004e-30
rs2675806,cg24308560,106528,50786798,non_coding_transcript_exon_variant,DOCK3,,-0.204673,8.302e-46
rs148923907,cg24308560,106528,49087630,intron_variant,QRICH1,,-0.3297851,7.443e-45
rs2232248,cg24308560,106528,50572193,synonymous_variant,HEMK1,,0.1798846,1.221e-44
rs138736131,cg24308560,106528,49957009,intron_variant,RBM6,,0.3073813,4.929e-44
rs11927030,cg24308560,106528,50752171,intron_variant,DOCK3,,-0.2398353,1.313e-33
rs8179164,cg24308560,106528,49359851,3_prime_UTR_variant,RHOA,,0.2981534,1.952e-33
rs150628303,cg24308560,106528,49917863,intron_variant,MON1A,,-0.4072288,7.628e-25
rs4384984,cg24308560,106528,49252445,intron_variant,IHO1,,0.1070139,4.355e-23
rs34985176,cg27360567,106528,50673570,upstream_gene_variant,DOCK3,,0.0813964,5.912e-13
rs17606778,cg24308560,106528,50403121,intron_variant,CACNA2D2,,-0.1046147,2.521e-16
rs115865640,cg24308560,106528,50022620,intron_variant,RBM6,,0.358723,1.367e-10
rs74951356,cg24308560,106528,49121330,missense_variant,LAMB2,,-0.2376694,1.084e-08
rs13090839,cg27360567,106528,48940200,intron_variant,ARIH2,,0.2432547,0
rs13084037,cg27360567,106528,49176633,downstream_gene_variant,KLHDC8B,,0.14263,0
rs3796386,cg27360567,106528,49862362,synonymous_variant,CAMKV,,-0.417047,0
rs113420322,cg27360567,106528,49934653,upstream_gene_variant,MON1A,,-0.1757068,0
rs146958887,cg27360567,106528,49987725,intron_variant,RBM6,,0.2349645,0
rs2236956,cg27360567,106528,50402959,intron_variant,CACNA2D2,,-0.2028804,0
rs56347941,cg27360567,106528,50670456,non_coding_transcript_exon_variant,DOCK3,,-0.2123939,0
rs9837520,cg27360567,106528,49684923,synonymous_variant,APEH,,0.2613268,2.3e-57
rs73074893,cg27360567,106528,49615164,intron_variant,BSN,,0.2019707,2.07e-41
rs6792502,cg27360567,106528,50493770,intron_variant,CACNA2D2,,-0.1629438,3.727e-39
rs35768187,cg27360567,106528,50208558,intron_variant,SLC38A3,,-0.334056,1.895e-08
rs78912080,cg00387872,12268,25616225,intron_variant,CARMIL1,,-0.6694112,0
rs9348689,cg00387872,12268,25684425,intron_variant,SCGN,,-0.4303788,0
rs80154106,cg00387872,12268,25684574,intron_variant,SCGN,,-0.7394876,0
rs6911522,cg00387872,12268,25685805,intron_variant,SCGN,,0.3897875,0
rs12525479,cg00387872,12268,25700122,intron_variant,SCGN,,-0.7171734,0
rs9348696,cg00387872,12268,25781710,3_prime_UTR_variant,SLC17A1,,-0.8779187,0
rs1165165,cg00387872,12268,25862238,missense_variant,SLC17A3,,0.2685288,0
rs2003208,cg19490609,12268,25940491,downstream_gene_variant,,,-0.2226249,2.46e-102
rs199726,cg00387872,12268,25953132,intergenic_variant,,,-0.3476018,0
rs9467658,cg00387872,12268,26010653,intron_variant,LINC02980,,-0.5371565,0
rs9393684,cg00387872,12268,26075303,intron_variant,H2BC4,,-0.4878262,0
rs2393667,cg00387872,12268,26421117,intron_variant,BTN2A3P,,0.1849421,0
rs72834698,cg25753631,12268,26176289,intron_variant,H2BC5,,-0.2398939,0
rs7754961,cg00387872,12268,25504129,intron_variant,CARMIL1,,-0.2440289,6.3e-152
rs72831240,cg00387872,12268,25414184,intron_variant,CARMIL1,,-0.2717421,1.92e-123
rs12201459,cg00387872,12268,26668755,downstream_gene_variant,,,-0.2982514,6.15e-114
rs4711092,cg19490609,12268,25684177,intron_variant,SCGN,,0.1259004,1.988e-42
rs113892814,cg25753631,12268,25717321,intergenic_variant,,,-0.4182038,2.069e-30
rs2575170,cg00387872,12268,25935373,intron_variant,SLC17A2,,0.2141779,1.219e-88
rs2744236,cg00387872,12268,25353146,intron_variant,CARMIL1,,0.1760684,1.858e-86
rs6918354,cg25753631,12268,25444386,intron_variant,CARMIL1,,-0.1131883,0
rs72840309,cg00387872,12268,25725697,intron_variant,H2BC1,,0.2852441,9.462e-79
rs1028886,cg00387872,12268,25434242,intron_variant,CARMIL1,,0.1991656,1.484e-67
rs12213891,cg00387872,12268,25664813,intron_variant,SCGN,,0.1497887,1.129e-66
rs67014387,cg00387872,12268,26489638,intron_variant,,,0.1840479,8.894e-59
rs4346843,cg00387872,12268,25175557,intron_variant,CMAHP,,-0.1509022,3.503e-54
rs9358855,cg00387872,12268,25411836,intron_variant,CARMIL1,,0.1453278,3.04e-51
rs1165210,cg00387872,12268,25800829,intron_variant,SLC17A1,,-0.3315906,9.161e-51
rs2273193,cg00387872,12268,26458297,intron_variant,BTN3A3,,-0.1642167,3.648e-50
rs11751616,cg00387872,12268,25840222,intron_variant,SLC17A3,,0.2903899,5.076e-47
rs9368443,cg00387872,12268,26610198,downstream_gene_variant,,,0.1545793,9.311e-44
rs74424967,cg00387872,12268,25747614,intergenic_variant,,,0.3073343,1.555e-41
rs927985,cg00387872,12268,25412583,intron_variant,CARMIL1,,-0.1697447,4.026e-40
rs72839079,cg00387872,12268,25551805,intron_variant,CARMIL1,,-0.588683,1.586e-38
rs145936310,cg00387872,12268,25719368,downstream_gene_variant,H2AC1,,-0.6770233,3.319e-38
rs13210340,cg00387872,12268,26326086,intron_variant,H3C9P,,-0.1187777,1.04e-37
rs12213283,cg00387872,12268,25920021,intron_variant,SLC17A2,,-0.6267574,3.127e-34
rs301397,cg00387872,12268,25464264,intron_variant,CARMIL1,,-0.1116744,2.83e-33
rs116019440,cg25753631,12268,26061092,upstream_gene_variant,H1-2,,-0.4585263,3.191e-17
rs9467521,cg00387872,12268,25463136,intron_variant,CARMIL1,,0.1885485,4.522e-33
rs60005721,cg00387872,12268,25262991,intron_variant,CMAHP,,0.200918,2.129e-26
rs72840508,cg00387872,12268,25624172,downstream_gene_variant,CARMIL1,,0.2683549,4.25e-26
rs72831250,cg00387872,12268,25423445,intron_variant,CARMIL1,,-0.1577317,1.82e-24
rs9393692,cg00387872,12268,26276422,intron_variant,H2AC10P,,-0.0868155,5.793e-24
rs12209941,cg00387872,12268,25155833,intron_variant,CMAHP,,-0.3416592,5.445e-23
rs9356966,cg00387872,12268,25165214,intron_variant,CMAHP,,-0.1014535,8.883e-23
rs116782857,cg00387872,12268,25681390,intron_variant,SCGN,,0.2658405,2.479e-21
rs144503707,cg00387872,12268,25466096,intron_variant,CARMIL1,,-0.5034704,2.977e-17
rs112189801,cg00387872,12268,26218867,intron_variant,H2AC8,,0.1700335,4.126e-17
rs62392392,cg00387872,12268,25475145,intron_variant,CARMIL1,,-0.3623176,4.36e-17
rs139951632,cg00387872,12268,25302720,intron_variant,CARMIL1,,-0.3172402,4.47e-14
rs35482035,cg00387872,12268,25622377,downstream_gene_variant,CARMIL1,,-0.351403,7.596e-14
rs144462190,cg00387872,12268,26205311,intron_variant,H4C5,,0.2477735,1.417e-13
rs12192517,cg00387872,12268,25342381,intron_variant,CARMIL1,,0.0751432,1.502e-12
rs2050946,cg00387872,12268,26150388,intron_variant,,,-0.098976,2.377e-09
rs1810471,cg00387872,12268,25271898,intron_variant,HNRNPA3P17,,0.1012692,1.437e-08
rs140679132,cg00387872,12268,26282192,intron_variant,H4C8,,-0.389501,3.35e-08
rs9358839,cg00387872,12268,25181219,intron_variant,UBE2D3P5,,-0.0398011,8.003e-06
rs303003,cg19490609,12268,25096647,intron_variant,CMAHP,,-0.1137598,0
rs77371797,cg19490609,12268,25455306,intron_variant,CARMIL1,,0.1013011,0
rs1883261,cg19490609,12268,25601137,intron_variant,CARMIL1,,0.1362734,0
rs6908407,cg19490609,12268,25703428,downstream_gene_variant,SCGN,,0.1953353,0
rs1165162,cg19490609,12268,25863377,intron_variant,SLC17A3,,-0.1110355,0
rs66536062,cg19490609,12268,26012479,intron_variant,H1-1,,0.1525238,0
rs3778279,cg19490609,12268,26325235,intron_variant,H3C9P,,-0.0959073,0
rs3846846,cg19490609,12268,26444811,non_coding_transcript_exon_variant,BTN3A3,,-0.0751437,0
rs1937130,cg19490609,12268,25787326,intron_variant,SLC17A1,,0.2862056,4.79e-206
rs1150660,cg19490609,12268,26101212,intron_variant,HFE,,-0.1659179,5.132e-51
rs12528639,cg19490609,12268,25491579,intron_variant,CARMIL1,,0.1197225,2.618e-37
rs113493108,cg19490609,12268,25644570,upstream_gene_variant,,,0.1404183,6.402e-33
rs12190171,cg19490609,12268,25722740,upstream_gene_variant,H2BC1,,0.2512939,3.275e-29
rs9379828,cg19490609,12268,26167723,intron_variant,H2BC5,,-0.1086792,3.331e-28
rs112977322,cg25753631,12268,25877946,intron_variant,SLC17A3,,0.2710734,0
rs76342263,cg19490609,12268,25877016,intron_variant,SLC17A3,,0.1918644,1.244e-17
rs60123863,cg19490609,12268,25824528,intron_variant,SLC17A1,,-0.2015634,3.768e-14
rs9467592,cg19490609,12268,25761735,intron_variant,SLC17A4,,-0.1900532,1.162e-11
rs2690097,cg19490609,12268,25346514,intron_variant,CARMIL1,,-0.0698784,2.169e-11
rs9467711,cg19490609,12268,26332377,intron_variant,,,-0.1246996,5.605e-10
rs77042711,cg25753631,12268,25413188,intron_variant,CARMIL1,,-0.15546,0
rs72831239,cg25753631,12268,25414174,intron_variant,CARMIL1,,-0.1587975,0
rs301378,cg25753631,12268,25515930,intron_variant,CARMIL1,,0.0821386,0
rs16890706,cg25753631,12268,25519866,intron_variant,CARMIL1,,-0.1599737,0
rs10456324,cg25753631,12268,25600740,synonymous_variant,CARMIL1,,0.1157795,0
rs9366626,cg25753631,12268,25684725,intron_variant,SCGN,,-0.3600627,0
rs9379780,cg25753631,12268,25706943,downstream_gene_variant,,,-0.3210233,0
rs2328894,cg25753631,12268,25777954,stop_gained,SLC17A1,,0.2005435,0
rs142647847,cg25753631,12268,25813910,intron_variant,SLC17A1,,-0.5850996,0
rs3799369,cg25753631,12268,25912406,3_prime_UTR_variant,SLC17A2,,0.1951774,0
rs9467638,cg25753631,12268,25937466,non_coding_transcript_exon_variant,,,-0.295385,0
rs199730,cg25753631,12268,25948943,intergenic_variant,,,0.1924777,0
rs9467664,cg25753631,12268,26021585,intron_variant,H1-1,,-0.1772309,0
rs9467743,cg25753631,12268,26386278,intron_variant,BTN2A2,,-0.1319634,0
rs72845428,cg25753631,12268,26549916,intron_variant,HMGN4,,0.1433845,0
rs2858996,cg25753631,12268,26093798,intron_variant,HFE,,-0.415277,4.68e-293
rs487624,cg25753631,12268,25879311,intron_variant,SLC17A3,,-0.2857336,8.46e-244
rs7747371,cg25753631,12268,25602874,intron_variant,CARMIL1,,-0.2882532,2.25e-91
rs72840342,cg25753631,12268,25740532,downstream_gene_variant,,,-0.3714588,9.264e-53
rs9467516,cg25753631,12268,25437478,intron_variant,CARMIL1,,0.1574004,1.292e-44
rs3864291,cg25753631,12268,26443940,splice_polypyrimidine_tract_variant,BTN3A3,,0.1113461,1.8e-29
rs9366621,cg25753631,12268,25410726,intron_variant,CARMIL1,,0.088405,9.158e-17
rs142170695,cg25753631,12268,25308527,intron_variant,CARMIL1,,-0.3353408,2.156e-11
rs16535,cg15445000,84604,39194788,intron_variant,CACNB1,,-0.4407074,0
rs11653687,cg15445000,84604,39228915,upstream_gene_variant,STAC2,,0.1992103,0
rs12950186,cg15445000,84604,39237142,upstream_gene_variant,,,0.6516325,0
rs60152394,cg15445000,84604,39259851,3_prime_UTR_variant,FBXL20,,-0.7401869,0
rs72827105,cg15445000,84604,39487123,intron_variant,CDK12,,0.222768,0
rs138857606,cg15445000,84604,39565313,intron_variant,CDK12,,-0.6779228,0
rs112037479,cg15445000,84604,39620391,intron_variant,,,0.2258841,0
rs111935829,cg15445000,84604,39925141,intron_variant,ORMDL3,,0.2034675,0
rs17608925,cg15445000,84604,39926578,5_prime_UTR_variant,ORMDL3,,0.1553443,0
rs8076474,cg15445000,84604,39954981,intron_variant,GSDMA,,-0.1120949,0
rs143199581,cg15445000,84604,40024881,intron_variant,MED24,,-0.4154703,0
rs112824491,cg15445000,84604,39340253,intron_variant,FBXL20,,-0.7222459,1.126e-60
rs11657506,cg15445000,84604,39211474,3_prime_UTR_variant,STAC2,,0.10188,2.179e-22
rs35483880,cg15445000,84604,39053805,upstream_gene_variant,LRRC37A11P,,-0.1152306,3.207e-13
