set,go_id,term,n_term,n_hit,n_cand,n_univ,p,OR,p_bh
all,GO:0031125,rRNA 3'-end processing,11,2,155,35143,0.00103562780739244,41.7492572786442,0.157097874808924
all,GO:0010968,regulation of microtubule nucleation,17,2,155,35143,0.00251672314698998,27.009611687802,0.157097874808924
all,GO:0060260,regulation of transcription initiation by RNA polymerase II,71,3,155,35143,0.00386184083781111,9.74944403261585,0.157097874808924
all,GO:0072686,mitotic spindle,156,4,155,35143,0.00514525330599002,5.94107658346044,0.157097874808924
all,GO:2000142,regulation of DNA-templated transcription initiation,80,3,155,35143,0.0053936586436045,8.65041118420982,0.157097874808924
all,GO:0016072,rRNA metabolic process,259,5,155,35143,0.00596847293046578,4.48957528957518,0.157097874808924
all,GO:0000132,establishment of mitotic spindle orientation,28,2,155,35143,0.00677637980819559,16.3935574229654,0.157097874808924
all,GO:0000466,"maturation of 5.8S rRNA from tricistronic rRNA transcript (SSU-rRNA, 5.8S rRNA, LSU-rRNA)",28,2,155,35143,0.00677637980819559,16.3935574229654,0.157097874808924
all,GO:0000803,sex chromosome,30,2,155,35143,0.00775342400626589,15.2997821350729,0.157097874808924
all,GO:0140142,nucleocytoplasmic carrier activity,32,2,155,35143,0.00878994297561284,14.342728758167,0.157097874808924
all,GO:0040001,establishment of mitotic spindle localization,33,2,155,35143,0.00933015843006991,13.907704495937,0.157097874808924
all,GO:0006367,transcription initiation at RNA polymerase II promoter,187,4,155,35143,0.00963234446070981,4.95180082869976,0.157097874808924
all,GO:0051294,establishment of spindle orientation,36,2,155,35143,0.0110369848011187,12.7476397966571,0.157097874808924
all,GO:0036503,ERAD pathway,104,3,155,35143,0.0110733874366389,6.64960779352185,0.157097874808924
all,GO:0071900,regulation of protein serine/threonine kinase activity,104,3,155,35143,0.0110733874366389,6.64960779352185,0.157097874808924
all,GO:1901798,positive regulation of signal transduction by p53 class mediator,37,2,155,35143,0.0116342022694579,12.4027556968712,0.157097874808924
all,GO:0097431,mitotic spindle pole,37,2,155,35143,0.0116342022694579,12.4027556968712,0.157097874808924
all,GO:0000460,maturation of 5.8S rRNA,38,2,155,35143,0.0122453340009139,12.0760233918108,0.157097874808924
all,GO:0051225,spindle assembly,112,3,155,35143,0.0135112137029701,6.17322603383422,0.157097874808924
all,GO:0009303,rRNA transcription,41,2,155,35143,0.0141608921553248,11.1914554439644,0.157097874808924
all,GO:0006364,rRNA processing,211,4,155,35143,0.0144587516105969,4.3855497316467,0.157097874808924
all,GO:0045859,regulation of protein kinase activity,211,4,155,35143,0.0144587516105969,4.3855497316467,0.157097874808924
all,GO:0030010,establishment of cell polarity,116,3,155,35143,0.0148355640638751,5.95967558983632,0.157097874808924
all,GO:0007020,microtubule nucleation,45,2,155,35143,0.0169018193649619,10.1954974582411,0.157097874808924
all,GO:0071364,cellular response to epidermal growth factor stimulus,45,2,155,35143,0.0169018193649619,10.1954974582411,0.157097874808924
all,GO:0002020,protease binding,123,3,155,35143,0.0173240775456268,5.6193838254169,0.157097874808924
all,GO:0000228,nuclear chromosome,223,4,155,35143,0.0173562247559432,4.14813054969845,0.157097874808924
all,GO:0001221,transcription coregulator binding,124,3,155,35143,0.0176974216695841,5.57390704584011,0.157097874808924
all,GO:0022613,ribonucleoprotein complex biogenesis,475,6,155,35143,0.0191711288777828,2.93900388555277,0.157097874808924
all,GO:0006368,transcription elongation by RNA polymerase II,129,3,155,35143,0.019631305579568,5.35709914320658,0.157097874808924
all,GO:0043549,regulation of kinase activity,232,4,155,35143,0.0197509967369014,3.98618406028762,0.157097874808924
all,GO:0006611,protein export from nucleus,49,2,155,35143,0.0198487982331911,9.36214485794193,0.157097874808924
all,GO:0070849,response to epidermal growth factor,49,2,155,35143,0.0198487982331911,9.36214485794193,0.157097874808924
all,GO:0001222,transcription corepressor binding,49,2,155,35143,0.0198487982331911,9.36214485794193,0.157097874808924
all,GO:0001932,regulation of protein phosphorylation,353,5,155,35143,0.0204768616529585,3.28517469310664,0.157097874808924
all,GO:0032968,positive regulation of transcription elongation by RNA polymerase II,50,2,155,35143,0.0206168000844401,9.17464052287462,0.157097874808924
all,GO:0051293,establishment of spindle localization,50,2,155,35143,0.0206168000844401,9.17464052287462,0.157097874808924
all,GO:0008287,protein serine/threonine phosphatase complex,50,2,155,35143,0.0206168000844401,9.17464052287462,0.157097874808924
all,GO:1903293,phosphatase complex,50,2,155,35143,0.0206168000844401,9.17464052287462,0.157097874808924
all,GO:0032692,negative regulation of interleukin-1 production,51,2,155,35143,0.0213970587406707,8.99448929898642,0.157097874808924
all,GO:0006606,protein import into nucleus,135,3,155,35143,0.0221000373466476,5.11812865497051,0.157097874808924
all,GO:0009566,fertilization,135,3,155,35143,0.0221000373466476,5.11812865497051,0.157097874808924
all,GO:0002065,columnar/cuboidal epithelial cell differentiation,52,2,155,35143,0.0221894526291309,8.82126696832468,0.157097874808924
all,GO:0051653,spindle localization,52,2,155,35143,0.0221894526291309,8.82126696832468,0.157097874808924
all,GO:0006352,DNA-templated transcription initiation,241,4,155,35143,0.0223403658366393,3.83633315929752,0.157097874808924
all,GO:0140104,molecular carrier activity,138,3,155,35143,0.0233950527313319,5.00643592677322,0.157097874808924
all,GO:0060261,positive regulation of transcription initiation by RNA polymerase II,54,2,155,35143,0.0238101639155777,8.4940692326303,0.157097874808924
all,GO:0005637,nuclear inner membrane,54,2,155,35143,0.0238101639155777,8.4940692326303,0.157097874808924
all,GO:0030170,pyridoxal phosphate binding,54,2,155,35143,0.0238101639155777,8.4940692326303,0.157097874808924
all,GO:0051170,import into nucleus,139,3,155,35143,0.0238357100383925,4.97027641045035,0.157097874808924
all,GO:0031663,lipopolysaccharide-mediated signaling pathway,55,2,155,35143,0.0246382422575144,8.33939393939295,0.157097874808924
all,GO:0048729,tissue morphogenesis,372,5,155,35143,0.0249643316282649,3.11568100358417,0.157097874808924
all,GO:0034976,response to endoplasmic reticulum stress,251,4,155,35143,0.0254498969737804,3.68243581963527,0.157097874808924
all,GO:0031113,regulation of microtubule polymerization,56,2,155,35143,0.0254779777100463,8.19024276377122,0.157097874808924
all,GO:0043405,regulation of MAP kinase activity,56,2,155,35143,0.0254779777100463,8.19024276377122,0.157097874808924
all,GO:0048644,muscle organ morphogenesis,56,2,155,35143,0.0254779777100463,8.19024276377122,0.157097874808924
all,GO:0060415,muscle tissue morphogenesis,56,2,155,35143,0.0254779777100463,8.19024276377122,0.157097874808924
all,GO:0070279,vitamin B6 binding,56,2,155,35143,0.0254779777100463,8.19024276377122,0.157097874808924
all,GO:0016073,snRNA metabolic process,57,2,155,35143,0.0263292527612722,8.04632496273271,0.157097874808924
all,GO:0032786,"positive regulation of DNA-templated transcription, elongation",57,2,155,35143,0.0263292527612722,8.04632496273271,0.157097874808924
all,GO:0030490,maturation of SSU-rRNA,60,2,155,35143,0.02895115232944,7.64335511982488,0.157483970931025
all,GO:0034142,toll-like receptor 4 signaling pathway,60,2,155,35143,0.02895115232944,7.64335511982488,0.157483970931025
all,GO:0051289,protein homotetramerization,60,2,155,35143,0.02895115232944,7.64335511982488,0.157483970931025
all,GO:0000502,proteasome complex,60,2,155,35143,0.02895115232944,7.64335511982488,0.157483970931025
all,GO:0061695,"transferase complex, transferring phosphorus-containing groups",262,4,155,35143,0.0291574846057532,3.52671755725182,0.157483970931025
all,GO:0006354,DNA-templated transcription elongation,151,3,155,35143,0.0294734104961105,4.57371906587641,0.157483970931025
all,GO:0042325,regulation of phosphorylation,392,5,155,35143,0.0303242526091291,2.95501700680267,0.157483970931025
all,GO:0034504,protein localization to nucleus,266,4,155,35143,0.0305810538147751,3.4732858636657,0.157483970931025
all,GO:0072332,intrinsic apoptotic signaling pathway by p53 class mediator,62,2,155,35143,0.0307546646771329,7.39637360320394,0.157483970931025
all,GO:0051338,regulation of transferase activity,268,4,155,35143,0.0313079960546336,3.44716813284562,0.157483970931025
all,GO:0051123,RNA polymerase II preinitiation complex assembly,63,2,155,35143,0.0316727539302619,7.27876335719397,0.157483970931025
all,GO:2000144,positive regulation of DNA-templated transcription initiation,63,2,155,35143,0.0316727539302619,7.27876335719397,0.157483970931025
all,GO:0030858,positive regulation of epithelial cell differentiation,64,2,155,35143,0.0326015822814383,7.16482843137182,0.157721168334526
all,GO:0016811,"hydrolase activity, acting on carbon-nitrogen (but not peptide) bonds, in linear amides",64,2,155,35143,0.0326015822814383,7.16482843137182,0.157721168334526
all,GO:0072331,signal transduction by p53 class mediator,158,3,155,35143,0.0330589709056394,4.37021152564939,0.157801487789585
all,GO:0032720,negative regulation of tumor necrosis factor production,67,2,155,35143,0.0354513931470168,6.84342990927648,0.164825957748468
all,GO:0060076,excitatory synapse,67,2,155,35143,0.0354513931470168,6.84342990927648,0.164825957748468
all,GO:0032496,response to lipopolysaccharide,283,4,155,35143,0.0370838264688962,3.26305197388428,0.167378170080282
all,GO:0140895,cell surface toll-like receptor signaling pathway,69,2,155,35143,0.0374029430346998,6.64469072653153,0.167378170080282
all,GO:1903556,negative regulation of tumor necrosis factor superfamily cytokine production,69,2,155,35143,0.0374029430346998,6.64469072653153,0.167378170080282
all,GO:0030330,"DNA damage response, signal transduction by p53 class mediator",70,2,155,35143,0.0383938960476053,6.54957983193216,0.169691540556083
all,GO:0004842,ubiquitin-protein transferase activity,423,5,155,35143,0.0399723457379638,2.73601260835299,0.173018191723028
all,GO:0160215,deacylase activity,72,2,155,35143,0.0404056244219248,6.36728395061671,0.173018191723028
all,GO:0070897,transcription preinitiation complex assembly,73,2,155,35143,0.0414261884690892,6.27988181573943,0.173018191723028
all,GO:0071260,cellular response to mechanical stimulus,73,2,155,35143,0.0414261884690892,6.27988181573943,0.173018191723028
all,GO:0007163,establishment or maintenance of cell polarity,174,3,155,35143,0.0420649329968351,3.96653811252254,0.173018191723028
all,GO:0071496,cellular response to external stimulus,74,2,155,35143,0.042456412759771,6.19484190072371,0.173018191723028
all,GO:0042254,ribosome biogenesis,297,4,155,35143,0.0429924784715946,3.10798938613501,0.173018191723028
all,GO:0002237,response to molecule of bacterial origin,298,4,155,35143,0.0434336957504059,3.09747099871099,0.173018191723028
all,GO:1990841,promoter-specific chromatin binding,75,2,155,35143,0.0434961934499232,6.11206971677507,0.173018191723028
all,GO:0007051,spindle organization,178,3,155,35143,0.0444899721550487,3.87695890005899,0.175026483862719
all,GO:0002752,cell surface pattern recognition receptor signaling pathway,79,2,155,35143,0.0477488283489974,5.80193596425864,0.181851920733416
all,GO:1905369,endopeptidase complex,79,2,155,35143,0.0477488283489974,5.80193596425864,0.181851920733416
all,GO:0030165,PDZ domain binding,79,2,155,35143,0.0477488283489974,5.80193596425864,0.181851920733416
all,GO:0019787,ubiquitin-like protein transferase activity,457,5,155,35143,0.0524840349974514,2.52997811816189,0.197781942411448
all,GO:1901264,carbohydrate derivative transport,84,2,155,35143,0.0532674752100133,5.45580454403941,0.19840596958844
all,GO:0031110,regulation of microtubule polymerization or depolymerization,85,2,155,35143,0.0543972642479844,5.39146482122219,0.19840596958844
all,GO:0034243,regulation of transcription elongation by RNA polymerase II,85,2,155,35143,0.0543972642479844,5.39146482122219,0.19840596958844
all,GO:0071222,cellular response to lipopolysaccharide,194,3,155,35143,0.0548664552772503,3.55558193163309,0.19840596958844
all,GO:0016755,aminoacyltransferase activity,472,5,155,35143,0.0586546436035623,2.44851694915251,0.2023498655689
all,GO:0000245,spliceosomal complex assembly,89,2,155,35143,0.059000074153726,5.14856429463133,0.2023498655689
all,GO:0051262,protein tetramerization,89,2,155,35143,0.059000074153726,5.14856429463133,0.2023498655689
all,GO:0043161,proteasome-mediated ubiquitin-dependent protein catabolic process,474,5,155,35143,0.0595075481435714,2.43804500703231,0.2023498655689
all,GO:0000151,ubiquitin ligase complex,332,4,155,35143,0.0599489425898729,2.77754727519343,0.2023498655689
all,GO:0031398,positive regulation of protein ubiquitination,90,2,155,35143,0.0601712175189015,5.09121278140849,0.2023498655689
all,GO:0046785,microtubule polymerization,90,2,155,35143,0.0601712175189015,5.09121278140849,0.2023498655689
all,GO:0014069,postsynaptic density,333,4,155,35143,0.0604788704353975,2.76912674263662,0.2023498655689
all,GO:0071219,cellular response to molecule of bacterial origin,206,3,155,35143,0.0633388241308733,3.34731093510465,0.209429253797129
all,GO:0002220,innate immune response activating cell surface receptor signaling pathway,94,2,155,35143,0.0649347686354228,4.874009178139,0.209429253797129
all,GO:0042274,ribosomal small subunit biogenesis,94,2,155,35143,0.0649347686354228,4.874009178139,0.209429253797129
all,GO:0046822,regulation of nucleocytoplasmic transport,94,2,155,35143,0.0649347686354228,4.874009178139,0.209429253797129
all,GO:0001818,negative regulation of cytokine production,343,4,155,35143,0.065915041727791,2.6876218794045,0.209556550268197
all,GO:0098685,Schaffer collateral - CA1 synapse,95,2,155,35143,0.0661449446377271,4.82256621946991,0.209556550268197
all,GO:0031123,RNA 3'-end processing,96,2,155,35143,0.0673626556984362,4.77219498910643,0.211542374912633
all,GO:0051656,establishment of organelle localization,347,4,155,35143,0.0681587567390372,2.65633528637131,0.21167618092639
all,GO:0032784,regulation of DNA-templated transcription elongation,97,2,155,35143,0.0685878128141377,4.7228623408123,0.21167618092639
all,GO:0032279,asymmetric synapse,350,4,155,35143,0.0698673055653927,2.63333964049191,0.213782011900945
all,GO:0010811,positive regulation of cell-substrate adhesion,102,2,155,35143,0.074822217944243,4.49070870178108,0.22700300020372
all,GO:0000287,magnesium ion binding,223,3,155,35143,0.0763062213534986,3.09063016285098,0.229559892811365
all,GO:1905368,peptidase complex,104,2,155,35143,0.0773650571023485,4.4040975364502,0.230055288466983
all,GO:0006090,pyruvate metabolic process,105,2,155,35143,0.0786466532754659,4.36202925614663,0.230055288466983
all,GO:1901796,regulation of signal transduction by p53 class mediator,105,2,155,35143,0.0786466532754659,4.36202925614663,0.230055288466983
all,GO:0099572,postsynaptic specialization,366,4,155,35143,0.0793479481242617,2.51706293200155,0.230055288466983
all,GO:0022626,cytosolic ribosome,106,2,155,35143,0.0799349223477305,4.32075471698087,0.230055288466983
all,GO:0071216,cellular response to biotic stimulus,228,3,155,35143,0.080326567202159,3.02242036011072,0.230055288466983
all,GO:0022618,protein-RNA complex assembly,238,3,155,35143,0.0886365346358327,2.89459862892517,0.243991686079181
all,GO:0002520,immune system development,113,2,155,35143,0.0891327596397007,4.05228758169911,0.243991686079181
all,GO:0099072,regulation of postsynaptic membrane neurotransmitter receptor levels,113,2,155,35143,0.0891327596397007,4.05228758169911,0.243991686079181
all,GO:1903322,positive regulation of protein modification by small protein conjugation or removal,113,2,155,35143,0.0891327596397007,4.05228758169911,0.243991686079181
all,GO:1990782,protein tyrosine kinase binding,113,2,155,35143,0.0891327596397007,4.05228758169911,0.243991686079181
all,GO:1901875,positive regulation of post-translational protein modification,114,2,155,35143,0.0904714776925675,4.01662653365417,0.243991686079181
all,GO:0120544,polypeptide conformation or assembly isomerase activity,114,2,155,35143,0.0904714776925675,4.01662653365417,0.243991686079181
all,GO:0098984,neuron to neuron synapse,384,4,155,35143,0.0907384506177208,2.39783388520967,0.243991686079181
all,GO:0003697,single-stranded DNA binding,115,2,155,35143,0.0918161437966685,3.98158567774913,0.243991686079181
all,GO:0032612,interleukin-1 production,116,2,155,35143,0.0931666802832088,3.94714897453212,0.243991686079181
all,GO:0032652,regulation of interleukin-1 production,116,2,155,35143,0.0931666802832088,3.94714897453212,0.243991686079181
all,GO:0007059,chromosome segregation,388,4,155,35143,0.0933711200917536,2.37284085478251,0.243991686079181
all,GO:0098839,postsynaptic density membrane,117,2,155,35143,0.0945230100447384,3.91330093290856,0.2452118666378
all,GO:0007338,single fertilization,118,2,155,35143,0.095885056531766,3.88002658690573,0.246538111922065
all,GO:0071826,protein-RNA complex organization,247,3,155,35143,0.0964115521482936,2.78840826763257,0.246538111922065
all,GO:0016853,isomerase activity,394,4,155,35143,0.0973877586218328,2.33630282045244,0.246909836775626
all,GO:0140694,membraneless organelle assembly,395,4,155,35143,0.0980650147623836,2.33032106630896,0.246909836775626
all,GO:0016810,"hydrolase activity, acting on carbon-nitrogen (but not peptide) bonds",120,2,155,35143,0.0986259962539512,3.81514161220023,0.246909836775626
all,GO:0000209,protein polyubiquitination,252,3,155,35143,0.100847602144506,2.73269110275682,0.25071834422037
all,GO:0016323,basolateral plasma membrane,254,3,155,35143,0.102644716658218,2.71101844177366,0.253426265956151
all,GO:0005819,spindle,405,4,155,35143,0.104958535734105,2.27212819883898,0.257364080772668
all,GO:0031109,microtubule polymerization or depolymerization,126,2,155,35143,0.106978226082601,3.63284573088476,0.260532006378034
all,GO:0004713,protein tyrosine kinase activity,130,2,155,35143,0.112648401997986,3.52066365007524,0.272487350778912
all,GO:0000956,nuclear-transcribed mRNA catabolic process,131,2,155,35143,0.114078047733769,3.49368856957524,0.27409356435362
all,GO:0030856,regulation of epithelial cell differentiation,134,2,155,35143,0.118394921742954,3.41517900692599,0.280772312255712
all,GO:0008544,epidermis development,273,3,155,35143,0.120334575928402,2.52096587622897,0.280772312255712
all,GO:0007269,neurotransmitter secretion,136,2,155,35143,0.121295438985758,3.36476355247965,0.280772312255712
all,GO:0099643,signal release from synapse,136,2,155,35143,0.121295438985758,3.36476355247965,0.280772312255712
all,GO:0097193,intrinsic apoptotic signaling pathway,275,3,155,35143,0.122258858769363,2.50248803827745,0.280772312255712
all,GO:0031490,chromatin DNA binding,137,2,155,35143,0.122752276780647,3.34010781928327,0.280772312255712
all,GO:0070851,growth factor receptor binding,138,2,155,35143,0.124213412428431,3.3158094155535,0.280772312255712
all,GO:0045121,membrane raft,278,3,155,35143,0.125166447937825,2.4752697841726,0.280772312255712
all,GO:0006913,nucleocytoplasmic transport,280,3,155,35143,0.127118745761501,2.45744830827062,0.280772312255712
all,GO:0051169,nuclear transport,280,3,155,35143,0.127118745761501,2.45744830827062,0.280772312255712
all,GO:0098857,membrane microdomain,280,3,155,35143,0.127118745761501,2.45744830827062,0.280772312255712
all,GO:0015293,symporter activity,140,2,155,35143,0.127148315440374,3.26825396825382,0.280772312255712
all,GO:0032635,interleukin-6 production,141,2,155,35143,0.128621953100382,3.2449821536178,0.280772312255712
all,GO:0032675,regulation of interleukin-6 production,141,2,155,35143,0.128621953100382,3.2449821536178,0.280772312255712
all,GO:0042098,T cell proliferation,141,2,155,35143,0.128621953100382,3.2449821536178,0.280772312255712
all,GO:0002429,immune response-activating cell surface receptor signaling pathway,284,3,155,35143,0.131056080053889,2.42255837657519,0.281702566896906
all,GO:0009925,basal plasma membrane,285,3,155,35143,0.132047131386094,2.41398891966753,0.281702566896906
all,GO:0031023,microtubule organizing center organization,144,2,155,35143,0.133066842594772,3.17710602759608,0.281702566896906
all,GO:0099634,postsynaptic specialization membrane,144,2,155,35143,0.133066842594772,3.17710602759608,0.281702566896906
all,GO:0070507,regulation of microtubule cytoskeleton organization,145,2,155,35143,0.134556254020589,3.15510480054076,0.281702566896906
all,GO:0042581,specific granule,145,2,155,35143,0.134556254020589,3.15510480054076,0.281702566896906
all,GO:0019842,vitamin binding,145,2,155,35143,0.134556254020589,3.15510480054076,0.281702566896906
all,GO:0008277,regulation of G protein-coupled receptor signaling pathway,148,2,155,35143,0.139046961859751,3.09088500264957,0.287738799686653
all,GO:1902850,microtubule cytoskeleton organization involved in mitosis,148,2,155,35143,0.139046961859751,3.09088500264957,0.287738799686653
all,GO:0043065,positive regulation of apoptotic process,454,4,155,35143,0.141725799027674,2.02403944335849,0.29061188684125
all,GO:0048660,regulation of smooth muscle cell proliferation,150,2,155,35143,0.142058883232455,3.04949891067525,0.29061188684125
all,GO:0070820,tertiary granule,151,2,155,35143,0.1435700976316,3.02921698480704,0.292034630409732
all,GO:0048659,smooth muscle cell proliferation,153,2,155,35143,0.146602736519908,2.9894485027125,0.296518529232357
all,GO:0003735,structural constituent of ribosome,156,2,155,35143,0.151176341535833,2.93170772582525,0.302721643045705
all,GO:0045178,basal part of cell,304,3,155,35143,0.151360821522852,2.26188105955674,0.302721643045705
all,GO:0008757,S-adenosylmethionine-dependent methyltransferase activity,157,2,155,35143,0.152707217819424,2.91295116772812,0.303717688774188
all,GO:0002768,immune response-regulating cell surface receptor signaling pathway,309,3,155,35143,0.15658729627503,2.2249616760347,0.307758857530254
all,GO:0050790,regulation of catalytic activity,473,4,155,35143,0.157198282175875,1.9416714503731,0.307758857530254
all,GO:0031396,regulation of protein ubiquitination,160,2,155,35143,0.157318075217979,2.858088235294,0.307758857530254
all,GO:0043068,positive regulation of programmed cell death,479,4,155,35143,0.162211354954046,1.91701807020694,0.31560687539972
all,GO:0051168,nuclear export,164,2,155,35143,0.163506341887724,2.78805993942281,0.316006071250248
all,GO:0007254,JNK cascade,165,2,155,35143,0.165060268561473,2.77108338284798,0.316006071250248
all,GO:0050900,leukocyte migration,317,3,155,35143,0.165064623809487,2.16831313299016,0.316006071250248
all,GO:0097190,apoptotic signaling pathway,491,4,155,35143,0.172409747972257,1.86951888968315,0.324891891585426
all,GO:0032640,tumor necrosis factor production,171,2,155,35143,0.174437356005762,2.67339372396122,0.324891891585426
all,GO:0032680,regulation of tumor necrosis factor production,171,2,155,35143,0.174437356005762,2.67339372396122,0.324891891585426
all,GO:0032271,regulation of protein polymerization,173,2,155,35143,0.177582198233278,2.64233631795676,0.324891891585426
all,GO:0000377,"RNA splicing, via transesterification reactions with bulged adenosine as nucleophile",329,3,155,35143,0.178028447422695,2.08850583906571,0.324891891585426
all,GO:0000398,"mRNA splicing, via spliceosome",329,3,155,35143,0.178028447422695,2.08850583906571,0.324891891585426
all,GO:0031401,positive regulation of protein modification process,330,3,155,35143,0.179121400227839,2.08211722488034,0.324891891585426
all,GO:0043484,regulation of RNA splicing,176,2,155,35143,0.182316017872034,2.59707367795593,0.324891891585426
all,GO:0071706,tumor necrosis factor superfamily cytokine production,176,2,155,35143,0.182316017872034,2.59707367795593,0.324891891585426
all,GO:1903555,regulation of tumor necrosis factor superfamily cytokine production,176,2,155,35143,0.182316017872034,2.59707367795593,0.324891891585426
all,GO:0000922,spindle pole,176,2,155,35143,0.182316017872034,2.59707367795593,0.324891891585426
all,GO:0000375,"RNA splicing, via transesterification reactions",333,3,155,35143,0.182411369297963,2.06318160265525,0.324891891585426
all,GO:0072594,establishment of protein localization to organelle,333,3,155,35143,0.182411369297963,2.06318160265525,0.324891891585426
all,GO:0061629,RNA polymerase II-specific DNA-binding transcription factor binding,333,3,155,35143,0.182411369297963,2.06318160265525,0.324891891585426
all,GO:0042770,signal transduction in response to DNA damage,178,2,155,35143,0.185482358932715,2.56774619960334,0.327106820186758
all,GO:0048863,stem cell differentiation,178,2,155,35143,0.185482358932715,2.56774619960334,0.327106820186758
all,GO:0031334,positive regulation of protein-containing complex assembly,179,2,155,35143,0.187068522002485,2.55332822141883,0.328286916063185
all,GO:0010810,regulation of cell-substrate adhesion,184,2,155,35143,0.195027359955225,2.48358908780895,0.3405843651901
all,GO:0009612,response to mechanical stimulus,185,2,155,35143,0.196624404986336,2.47009362303471,0.341706490218972
all,GO:1901654,response to ketone,188,2,155,35143,0.201425270524796,2.43046864135717,0.348358680424526
all,GO:0061630,ubiquitin protein ligase activity,351,3,155,35143,0.202477572836085,1.95636527215471,0.348495053246724
all,GO:0008168,methyltransferase activity,190,2,155,35143,0.204633508243382,2.40474716202262,0.3505205547901
all,GO:0065004,protein-DNA complex assembly,191,2,155,35143,0.206239792789145,2.39208842350195,0.351589741992924
all,GO:0000070,mitotic sister chromatid segregation,192,2,155,35143,0.2078474630555,2.37956154684088,0.35265114584772
all,GO:0043523,regulation of neuron apoptotic process,193,2,155,35143,0.209456475928764,2.36716448237318,0.352940762591598
all,GO:0006399,tRNA metabolic process,194,2,155,35143,0.211066788643884,2.35489522269381,0.352940762591598
all,GO:0005516,calmodulin binding,194,2,155,35143,0.211066788643884,2.35489522269381,0.352940762591598
all,GO:0051260,protein homooligomerization,195,2,155,35143,0.21267835878223,2.34275180157525,0.352940762591598
all,GO:0005681,spliceosomal complex,196,2,155,35143,0.214291144269405,2.33073229291709,0.352940762591598
all,GO:0006836,neurotransmitter transport,197,2,155,35143,0.215905103373072,2.31883480972754,0.352940762591598
all,GO:0051648,vesicle localization,197,2,155,35143,0.215905103373072,2.31883480972754,0.352940762591598
all,GO:0016741,"transferase activity, transferring one-carbon groups",197,2,155,35143,0.215905103373072,2.31883480972754,0.352940762591598
all,GO:0004518,nuclease activity,198,2,155,35143,0.217520194700785,2.30705750313586,0.353818326356442
all,GO:0045089,positive regulation of innate immune response,366,3,155,35143,0.219577076175492,1.87537748058668,0.353818326356442
all,GO:0061659,ubiquitin-like protein ligase activity,367,3,155,35143,0.22072775937273,1.87021368134229,0.353818326356442
all,GO:0033002,muscle cell proliferation,201,2,155,35143,0.222371853156982,2.27242870614242,0.353818326356442
all,GO:0046651,lymphocyte proliferation,201,2,155,35143,0.222371853156982,2.27242870614242,0.353818326356442
all,GO:1903320,regulation of protein modification by small protein conjugation or removal,201,2,155,35143,0.222371853156982,2.27242870614242,0.353818326356442
all,GO:0061136,regulation of proteasomal protein catabolic process,203,2,155,35143,0.225611209486573,2.24991145883634,0.357384128301739
all,GO:0032943,mononuclear cell proliferation,204,2,155,35143,0.227232243681371,2.23881840317819,0.358366269770621
all,GO:0031507,heterochromatin formation,205,2,155,35143,0.228854129690732,2.2278335724533,0.359341133461764
all,GO:1901873,regulation of post-translational protein modification,206,2,155,35143,0.230476828764848,2.2169553905704,0.359705230675326
all,GO:0015631,tubulin binding,376,3,155,35143,0.231138166129494,1.82497550391934,0.359705230675326
all,GO:0003714,transcription corepressor activity,207,2,155,35143,0.232100302474861,2.20618231189409,0.359705230675326
all,GO:0001934,positive regulation of protein phosphorylation,208,2,155,35143,0.233724512710813,2.19551282051275,0.360661101510651
all,GO:0071824,protein-DNA complex organization,209,2,155,35143,0.235349421679614,2.1849454295274,0.361609841035631
all,GO:0006909,phagocytosis,210,2,155,35143,0.23697499190302,2.17447868036097,0.362551483338809
all,GO:0043254,regulation of protein-containing complex assembly,384,3,155,35143,0.240467432691355,1.7865439967105,0.366329110227681
all,GO:0032259,methylation,214,2,155,35143,0.243483146685082,2.13358988455189,0.366526995480871
all,GO:0043123,positive regulation of canonical NF-kappaB signal transduction,215,2,155,35143,0.245111471887287,2.12360541115665,0.366526995480871
all,GO:0070828,heterochromatin organization,215,2,155,35143,0.245111471887287,2.12360541115665,0.366526995480871
all,GO:0140098,"catalytic activity, acting on RNA",388,3,155,35143,0.245156133937025,1.76792254476394,0.366526995480871
all,GO:0015931,nucleobase-containing compound transport,216,2,155,35143,0.246740239974553,2.11371338658914,0.366526995480871
all,GO:0051402,neuron apoptotic process,216,2,155,35143,0.246740239974553,2.11371338658914,0.366526995480871
all,GO:0002833,positive regulation of response to biotic stimulus,391,3,155,35143,0.248682389210566,1.7542064880872,0.367885517923069
all,GO:0005840,ribosome,218,2,155,35143,0.249998963783328,2.09420159501103,0.368311230594369
all,GO:0099003,vesicle-mediated transport in synapse,224,2,155,35143,0.25978215125798,2.03775676937436,0.381155779304741
all,GO:0043588,skin development,225,2,155,35143,0.261413350948698,2.02864197530858,0.381255003792295
all,GO:0042327,positive regulation of phosphorylation,226,2,155,35143,0.263044653454461,2.0196078431372,0.381255003792295
all,GO:0046434,organophosphate catabolic process,226,2,155,35143,0.263044653454461,2.0196078431372,0.381255003792295
all,GO:0033044,regulation of chromosome organization,228,2,155,35143,0.266307437493747,2.00177731911472,0.384427671865974
all,GO:0015711,organic anion transport,409,3,155,35143,0.269991616711098,1.67613563247971,0.388180718002302
all,GO:0000819,sister chromatid segregation,231,2,155,35143,0.271201583127968,1.97561044619863,0.38836066703925
all,GO:0070661,leukocyte proliferation,232,2,155,35143,0.272832831359781,1.9670385395537,0.388371929371497
all,GO:0009060,aerobic respiration,233,2,155,35143,0.274463961259745,1.95854021150658,0.388371929371497
all,GO:0045814,"negative regulation of gene expression, epigenetic",233,2,155,35143,0.274463961259745,1.95854021150658,0.388371929371497
all,GO:0007517,muscle organ development,242,2,155,35143,0.289133860560614,1.88521579430665,0.407519378270472
all,GO:0032386,regulation of intracellular transport,247,2,155,35143,0.297270755127263,1.8467889179963,0.413795489159159
all,GO:0032886,regulation of microtubule-based process,247,2,155,35143,0.297270755127263,1.8467889179963,0.413795489159159
all,GO:0010638,positive regulation of organelle organization,432,3,155,35143,0.297499492720963,1.58584612573097,0.413795489159159
all,GO:0005635,nuclear envelope,434,3,155,35143,0.299901364303509,1.57844712587919,0.413795489159159
all,GO:0030217,T cell differentiation,249,2,155,35143,0.300521863635144,1.83185027692464,0.413795489159159
all,GO:0051258,protein polymerization,249,2,155,35143,0.300521863635144,1.83185027692464,0.413795489159159
all,GO:0015850,organic hydroxy compound transport,250,2,155,35143,0.302146528757514,1.82447058823525,0.414438533698047
all,GO:0006520,amino acid metabolic process,253,2,155,35143,0.307016654194537,1.80268154692702,0.419377838749539
all,GO:0006898,receptor-mediated endocytosis,254,2,155,35143,0.308638653698794,1.79553291132721,0.419377838749539
all,GO:0045088,regulation of innate immune response,442,3,155,35143,0.30951888114235,1.54952071921884,0.419377838749539
all,GO:0003730,mRNA 3'-UTR binding,256,2,155,35143,0.311880437524402,1.78140318627446,0.419377838749539
all,GO:0051259,protein complex oligomerization,257,2,155,35143,0.313500172088689,1.77442079296046,0.419377838749539
all,GO:0001819,positive regulation of cytokine production,446,3,155,35143,0.314332238194859,1.53544666037288,0.419377838749539
all,GO:0031965,nuclear membrane,258,2,155,35143,0.315119102300631,1.76749252672641,0.419377838749539
all,GO:0120543,macromolecular conformation isomerase activity,258,2,155,35143,0.315119102300631,1.76749252672641,0.419377838749539
all,GO:0140014,mitotic nuclear division,263,2,155,35143,0.32320084536283,1.73364149208475,0.428540380147753
all,GO:0008380,RNA splicing,458,3,155,35143,0.328781221805018,1.49469949436909,0.432287416178673
all,GO:0043025,neuronal cell body,458,3,155,35143,0.328781221805018,1.49469949436909,0.432287416178673
all,GO:0045333,cellular respiration,267,2,155,35143,0.329649342504966,1.70747350126064,0.432287416178673
all,GO:0140297,DNA-binding transcription factor binding,464,3,155,35143,0.336005988677837,1.4751162658802,0.435931471754925
all,GO:0002221,pattern recognition receptor signaling pathway,271,2,155,35143,0.336081246380892,1.68207799725052,0.435931471754925
all,GO:0015291,secondary active transmembrane transporter activity,271,2,155,35143,0.336081246380892,1.68207799725052,0.435931471754925
all,GO:0002757,immune response-activating signaling pathway,467,3,155,35143,0.33961734028064,1.46551335512226,0.438927826066675
all,GO:0002009,morphogenesis of an epithelium,283,2,155,35143,0.355263722182977,1.61019884985793,0.456663509857546
all,GO:0006650,glycerophospholipid metabolic process,284,2,155,35143,0.35685384730446,1.60448310779707,0.456663509857546
all,GO:0019221,cytokine-mediated signaling pathway,482,3,155,35143,0.357651697258892,1.41929187595543,0.456663509857546
all,GO:0002758,innate immune response-activating signaling pathway,285,2,155,35143,0.358442587346286,1.59880747620682,0.456663509857546
all,GO:0060537,muscle tissue development,286,2,155,35143,0.360029923633609,1.59317153434797,0.45679632508619
all,GO:0010562,positive regulation of phosphorus metabolic process,288,2,155,35143,0.363200311190977,1.58201706608566,0.45679632508619
all,GO:0045937,positive regulation of phosphate metabolic process,288,2,155,35143,0.363200311190977,1.58201706608566,0.45679632508619
all,GO:0060341,regulation of cellular localization,487,3,155,35143,0.363650705725039,1.40451745379875,0.45679632508619
all,GO:0098813,nuclear chromosome segregation,292,2,155,35143,0.369523440421881,1.56016653236634,0.459484686848466
all,GO:0002764,immune response-regulating signaling pathway,492,3,155,35143,0.369641312325023,1.39004332477533,0.459484686848466
all,GO:0045177,apical part of cell,492,3,155,35143,0.369641312325023,1.39004332477533,0.459484686848466
all,GO:0031349,positive regulation of defense response,496,3,155,35143,0.374426900061857,1.37867412988114,0.463031974495197
all,GO:0048545,response to steroid hormone,296,2,155,35143,0.375822105305195,1.5389065536124,0.463031974495197
all,GO:0006397,mRNA processing,499,3,155,35143,0.378011652160767,1.37026684948843,0.463031974495197
all,GO:0071214,cellular response to abiotic stimulus,298,2,155,35143,0.378961923260035,1.52849059086719,0.463031974495197
all,GO:0104004,cellular response to environmental stimulus,298,2,155,35143,0.378961923260035,1.52849059086719,0.463031974495197
all,GO:0045211,postsynaptic membrane,299,2,155,35143,0.380529395760185,1.52333486348828,0.463365726810021
all,GO:0030667,secretory granule membrane,300,2,155,35143,0.38209522236705,1.51821350762524,0.463695219008148
all,GO:0002218,activation of innate immune response,303,2,155,35143,0.386782668020893,1.50305226601088,0.466222879297911
all,GO:0031589,cell-substrate adhesion,303,2,155,35143,0.386782668020893,1.50305226601088,0.466222879297911
all,GO:0002697,regulation of immune effector process,307,2,155,35143,0.393008603836006,1.48329820527556,0.470558796566188
all,GO:0043122,regulation of canonical NF-kappaB signal transduction,307,2,155,35143,0.393008603836006,1.48329820527556,0.470558796566188
all,GO:0051020,GTPase binding,308,2,155,35143,0.394560702722889,1.47843986079277,0.470842438582648
all,GO:0002443,leukocyte mediated immunity,316,2,155,35143,0.406912091111945,1.44068006949612,0.483968533614871
all,GO:0040029,epigenetic regulation of gene expression,319,2,155,35143,0.411512972216957,1.4270084209232,0.487820013422751
all,GO:0007249,canonical NF-kappaB signal transduction,320,2,155,35143,0.413042748391172,1.42250816993461,0.488017504699801
all,GO:0006887,exocytosis,325,2,155,35143,0.420662176661031,1.40042232277524,0.495385063304767
all,GO:1902903,regulation of supramolecular fiber organization,331,2,155,35143,0.429739091899435,1.37480007108581,0.504415065245895
all,GO:0030098,lymphocyte differentiation,334,2,155,35143,0.434249655051772,1.36233415521895,0.508043714080178
all,GO:0044093,positive regulation of molecular function,338,2,155,35143,0.440234145261416,1.34605716053677,0.513367504897678
all,GO:0015980,energy derivation by oxidation of organic compounds,343,2,155,35143,0.447666262012695,1.32624478362771,0.520339356495276
all,GO:0009410,response to xenobiotic stimulus,350,2,155,35143,0.457978512178273,1.29945845004666,0.530582215927043
all,GO:0106310,protein serine kinase activity,351,2,155,35143,0.459442700942412,1.29571904735301,0.530582215927043
all,GO:1903706,regulation of hemopoiesis,355,2,155,35143,0.465276632949792,1.2809721071527,0.533831034968411
all,GO:0006402,mRNA catabolic process,356,2,155,35143,0.466729368561767,1.27733715208928,0.533831034968411
all,GO:0007159,leukocyte cell-cell adhesion,356,2,155,35143,0.466729368561767,1.27733715208928,0.533831034968411
all,GO:0006644,phospholipid metabolic process,358,2,155,35143,0.469627886266922,1.27012816299702,0.535435615552733
all,GO:0009615,response to virus,360,2,155,35143,0.472517080378819,1.26299927378356,0.537019411986086
all,GO:0046486,glycerolipid metabolic process,364,2,155,35143,0.478267255187031,1.24897651368237,0.541834422015687
all,GO:0042176,regulation of protein catabolic process,372,2,155,35143,0.489653150886591,1.22183568768007,0.552684066162364
all,GO:0007610,behavior,373,2,155,35143,0.491065526300272,1.21852494348944,0.552684066162364
all,GO:0030522,intracellular receptor signaling pathway,374,2,155,35143,0.492475466775961,1.2152319038132,0.552684066162364
all,GO:0016607,nuclear speck,377,2,155,35143,0.496690618098503,1.20545760302351,0.5556726289977
all,GO:0060271,cilium assembly,379,2,155,35143,0.49948843515614,1.1990273682032,0.55688305476009
all,GO:0043235,receptor complex,380,2,155,35143,0.500883641432259,1.19583763329891,0.55688305476009
all,GO:0045785,positive regulation of cell adhesion,387,2,155,35143,0.510580473642297,1.173971052676,0.565906531157716
all,GO:0050727,regulation of inflammatory response,392,2,155,35143,0.517431543364012,1.15883019874615,0.571729915198507
all,GO:0000280,nuclear division,394,2,155,35143,0.520154262058326,1.15288145715137,0.572969925590403
all,GO:0006091,generation of precursor metabolites and energy,397,2,155,35143,0.524219257962325,1.14407072652737,0.575676363038382
all,GO:0023061,signal release,400,2,155,35143,0.528261258323441,1.13539215686273,0.577443325377988
all,GO:0009593,detection of chemical stimulus,402,2,155,35143,0.53094309885074,1.12967840535881,0.577443325377988
all,GO:0016324,apical plasma membrane,402,2,155,35143,0.53094309885074,1.12967840535881,0.577443325377988
all,GO:0002250,adaptive immune response,403,2,155,35143,0.532280160264626,1.126842796672,0.577443325377988
all,GO:1903311,regulation of mRNA metabolic process,405,2,155,35143,0.534946547977597,1.12121358831597,0.578582671226525
all,GO:1903131,mononuclear cell differentiation,409,2,155,35143,0.540248290431948,1.11012033175126,0.582556891489872
all,GO:0044782,cilium organization,411,2,155,35143,0.542883595124357,1.10465467614457,0.583640621785345
all,GO:0022804,active transmembrane transporter activity,414,2,155,35143,0.546817028360529,1.09655520823465,0.586109269919369
all,GO:0006869,lipid transport,416,2,155,35143,0.549426269694966,1.09122046254397,0.587148073285963
all,GO:0004674,protein serine/threonine kinase activity,422,2,155,35143,0.557191148147424,1.07551962333115,0.593673901895172
all,GO:0046873,metal ion transmembrane transporter activity,424,2,155,35143,0.559758432694976,1.07038475767664,0.594639521972705
all,GO:0097060,synaptic membrane,426,2,155,35143,0.56231518601776,1.06529810672311,0.595588273947805
all,GO:0010876,lipid localization,435,2,155,35143,0.573689884852379,1.0429870032304,0.604061702285741
all,GO:1903829,positive regulation of protein localization,435,2,155,35143,0.573689884852379,1.0429870032304,0.604061702285741
all,GO:0030133,transport vesicle,438,2,155,35143,0.577433805102105,1.03575372310262,0.605277268323829
all,GO:0048285,organelle fission,439,2,155,35143,0.578676473981394,1.03336459868684,0.605277268323829
all,GO:0006401,RNA catabolic process,440,2,155,35143,0.579916488924786,1.0309863339275,0.605277268323829
all,GO:0140168,nuclear ribonucleoprotein granule,443,2,155,35143,0.583620601330642,1.02391596217116,0.607372602547586
all,GO:0044089,positive regulation of cellular component biogenesis,448,2,155,35143,0.589740969837577,1.01234243697478,0.611963093338703
all,GO:0042110,T cell activation,453,2,155,35143,0.595794840129203,1.00102439798582,0.616458244989176
all,GO:0005874,microtubule,465,2,155,35143,0.610052670408376,0.974854171059091,0.623413171210465
all,GO:0002694,regulation of leukocyte activation,466,2,155,35143,0.61122352819797,0.972734158040885,0.623413171210465
all,GO:0040008,regulation of growth,466,2,155,35143,0.61122352819797,0.972734158040885,0.623413171210465
all,GO:0141188,nucleic acid catabolic process,466,2,155,35143,0.61122352819797,0.972734158040885,0.623413171210465
all,GO:0005774,vacuolar membrane,466,2,155,35143,0.61122352819797,0.972734158040885,0.623413171210465
all,GO:0015629,actin cytoskeleton,473,2,155,35143,0.619345109568964,0.958145062112217,0.629902128482071
all,GO:0051493,regulation of cytoskeleton organization,476,2,155,35143,0.622785955381307,0.952023946833622,0.631607286194074
all,GO:0005543,phospholipid binding,480,2,155,35143,0.627336629014537,0.943981481481469,0.634425178494927
all,GO:0005975,carbohydrate metabolic process,487,2,155,35143,0.635198419413946,0.930225067439694,0.640566293380824
all,GO:0080135,regulation of cellular response to stress,490,2,155,35143,0.638528149068273,0.924449779911953,0.641834168712816
all,GO:0002521,leukocyte differentiation,493,2,155,35143,0.641834168712816,0.918744779859193,0.641834168712816
all,GO:0007420,brain development,493,2,155,35143,0.641834168712816,0.918744779859193,0.641834168712816
hyper,GO:0031125,rRNA 3'-end processing,11,2,94,35143,0.00038325308578555,69.4308300394571,0.0616937158026188
hyper,GO:0072686,mitotic spindle,156,4,94,35143,0.000835360663470599,9.96780626780556,0.0616937158026188
hyper,GO:0010968,regulation of microtubule nucleation,17,2,94,35143,0.000937821731105073,44.9181585677462,0.0616937158026188
hyper,GO:0000132,establishment of mitotic spindle orientation,28,2,94,35143,0.00255717853764151,27.2631987577534,0.0616937158026188
hyper,GO:0000466,"maturation of 5.8S rRNA from tricistronic rRNA transcript (SSU-rRNA, 5.8S rRNA, LSU-rRNA)",28,2,94,35143,0.00255717853764151,27.2631987577534,0.0616937158026188
hyper,GO:0036503,ERAD pathway,104,3,94,35143,0.0027760596273533,11.1070371935745,0.0616937158026188
hyper,GO:0071900,regulation of protein serine/threonine kinase activity,104,3,94,35143,0.0027760596273533,11.1070371935745,0.0616937158026188
hyper,GO:0000803,sex chromosome,30,2,94,35143,0.00293257534475414,25.4442028985415,0.0616937158026188
hyper,GO:0000228,nuclear chromosome,223,4,94,35143,0.00308126301148273,6.95964125560503,0.0616937158026188
hyper,GO:0140142,nucleocytoplasmic carrier activity,32,2,94,35143,0.00333221393795301,23.852581521731,0.0616937158026188
hyper,GO:0051225,spindle assembly,112,3,94,35143,0.00342149044556441,10.3113226059645,0.0616937158026188
hyper,GO:0040001,establishment of mitotic spindle localization,33,2,94,35143,0.00354104127920301,23.1291172595444,0.0616937158026188
hyper,GO:0051294,establishment of spindle orientation,36,2,94,35143,0.0042031620002355,21.1998792270467,0.0616937158026188
hyper,GO:1901798,positive regulation of signal transduction by p53 class mediator,37,2,94,35143,0.00443563992611631,20.626321974142,0.0616937158026188
hyper,GO:0097431,mitotic spindle pole,37,2,94,35143,0.00443563992611631,20.626321974142,0.0616937158026188
hyper,GO:0000460,maturation of 5.8S rRNA,38,2,94,35143,0.00467394940912749,20.0829519450743,0.0616937158026188
hyper,GO:0034976,response to endoplasmic reticulum stress,251,4,94,35143,0.00468781320934368,6.17830898627684,0.0616937158026188
hyper,GO:0016072,rRNA metabolic process,259,4,94,35143,0.00523351096330232,5.98610038610013,0.0616937158026188
hyper,GO:0009303,rRNA transcription,41,2,94,35143,0.00542354604033861,18.6118769883302,0.0616937158026188
hyper,GO:0034504,protein localization to nucleus,266,4,94,35143,0.0057446279192222,5.82740183792791,0.0616937158026188
hyper,GO:0006606,protein import into nucleus,135,3,94,35143,0.00575985839928887,8.54896214896145,0.0616937158026188
hyper,GO:0051170,import into nucleus,139,3,94,35143,0.00624322741027167,8.30200015811461,0.0616937158026188
hyper,GO:0007020,microtubule nucleation,45,2,94,35143,0.00650271227586867,16.9555555555515,0.0616937158026188
hyper,GO:0006611,protein export from nucleus,49,2,94,35143,0.00767112352041366,15.5696539485325,0.0616937158026188
hyper,GO:0001222,transcription corepressor binding,49,2,94,35143,0.00767112352041366,15.5696539485325,0.0616937158026188
hyper,GO:0051293,establishment of spindle localization,50,2,94,35143,0.00797693775148504,15.2578260869532,0.0616937158026188
hyper,GO:0008287,protein serine/threonine phosphatase complex,50,2,94,35143,0.00797693775148504,15.2578260869532,0.0616937158026188
hyper,GO:1903293,phosphatase complex,50,2,94,35143,0.00797693775148504,15.2578260869532,0.0616937158026188
hyper,GO:0032692,negative regulation of interleukin-1 production,51,2,94,35143,0.00828817500333913,14.9582267689653,0.0616937158026188
hyper,GO:0051653,spindle localization,52,2,94,35143,0.00860480471641308,14.6701505016692,0.0616937158026188
hyper,GO:0072331,signal transduction by p53 class mediator,158,3,94,35143,0.00886532888230562,7.29969397690866,0.0616937158026188
hyper,GO:0022613,ribonucleoprotein complex biogenesis,475,5,94,35143,0.00907025217532026,4.1002956830277,0.0616937158026188
hyper,GO:0005637,nuclear inner membrane,54,2,94,35143,0.0092541198956894,14.126006441221,0.0616937158026188
hyper,GO:0030170,pyridoxal phosphate binding,54,2,94,35143,0.0092541198956894,14.126006441221,0.0616937158026188
hyper,GO:0031113,regulation of microtubule polymerization,56,2,94,35143,0.00992464123781259,13.620729813662,0.0616937158026188
hyper,GO:0043405,regulation of MAP kinase activity,56,2,94,35143,0.00992464123781259,13.620729813662,0.0616937158026188
hyper,GO:0070279,vitamin B6 binding,56,2,94,35143,0.00992464123781259,13.620729813662,0.0616937158026188
hyper,GO:0016073,snRNA metabolic process,57,2,94,35143,0.0102677791058349,13.3813882532392,0.0621470840616321
hyper,GO:0030490,maturation of SSU-rRNA,60,2,94,35143,0.0113283438209562,12.7112318840557,0.0635492458248762
hyper,GO:0051289,protein homotetramerization,60,2,94,35143,0.0113283438209562,12.7112318840557,0.0635492458248762
hyper,GO:0000502,proteasome complex,60,2,94,35143,0.0113283438209562,12.7112318840557,0.0635492458248762
hyper,GO:0072332,intrinsic apoptotic signaling pathway by p53 class mediator,62,2,94,35143,0.0120610505354877,12.3004908835883,0.0647602213559541
hyper,GO:0007051,spindle organization,178,3,94,35143,0.0122277494298079,6.47579948141706,0.0647602213559541
hyper,GO:0014069,postsynaptic density,333,4,94,35143,0.0123889119115738,4.64597931264582,0.0647602213559541
hyper,GO:0016811,"hydrolase activity, acting on carbon-nitrogen (but not peptide) bonds, in linear amides",64,2,94,35143,0.0128140143335203,11.9154211956502,0.0654938510379926
hyper,GO:0006367,transcription initiation at RNA polymerase II promoter,187,3,94,35143,0.0139483291529753,6.16254333901357,0.0681084438218153
hyper,GO:0060076,excitatory synapse,67,2,94,35143,0.0139809338590634,11.3809214795569,0.0681084438218153
hyper,GO:0051656,establishment of organelle localization,347,4,94,35143,0.0142139361019441,4.45674031380069,0.0681084438218153
hyper,GO:0032279,asymmetric synapse,350,4,94,35143,0.014626005352855,4.41815873015859,0.068513536361988
hyper,GO:0001932,regulation of protein phosphorylation,353,4,94,35143,0.0150455820307142,4.38023292414213,0.068513536361988
hyper,GO:0030330,"DNA damage response, signal transduction by p53 class mediator",70,2,94,35143,0.0151921319759191,10.892236024843,0.068513536361988
hyper,GO:0060260,regulation of transcription initiation by RNA polymerase II,71,2,94,35143,0.0156055714102156,10.7385180649096,0.0690246427759536
hyper,GO:0071260,cellular response to mechanical stimulus,73,2,94,35143,0.0164468409679676,10.4437164979139,0.0708881446838802
hyper,GO:0071496,cellular response to external stimulus,74,2,94,35143,0.0168746150206018,10.3022914218551,0.0708881446838802
hyper,GO:0099572,postsynaptic specialization,366,4,94,35143,0.0169515128591887,4.22307225258032,0.0708881446838802
hyper,GO:1905369,endopeptidase complex,79,2,94,35143,0.0190837667318798,9.64887176664699,0.0747665828804264
hyper,GO:0030165,PDZ domain binding,79,2,94,35143,0.0190837667318798,9.64887176664699,0.0747665828804264
hyper,GO:0006364,rRNA processing,211,3,94,35143,0.0191792538693268,5.45784073746131,0.0747665828804264
hyper,GO:0045859,regulation of protein kinase activity,211,3,94,35143,0.0191792538693268,5.45784073746131,0.0747665828804264
hyper,GO:2000142,regulation of DNA-templated transcription initiation,80,2,94,35143,0.0195394606480057,9.52798913043349,0.0747705375069934
hyper,GO:0098984,neuron to neuron synapse,384,4,94,35143,0.0198304469040287,4.02303240740729,0.0747705375069934
hyper,GO:0007059,chromosome segregation,388,4,94,35143,0.0205087242048777,3.98109965635727,0.0760807510826108
hyper,GO:0042325,regulation of phosphorylation,392,4,94,35143,0.0212011718039119,3.94002267573685,0.077401103411107
hyper,GO:0031110,regulation of microtubule polymerization or depolymerization,85,2,94,35143,0.0218857521608202,8.96624040920601,0.0783726081497897
hyper,GO:0000287,magnesium ion binding,223,3,94,35143,0.022148780564071,5.16237126102572,0.0783726081497897
hyper,GO:0005819,spindle,405,4,94,35143,0.0235503201092852,3.81212620027424,0.0794682784167482
hyper,GO:0000245,spliceosomal complex assembly,89,2,94,35143,0.0238425643791016,8.56228627259299,0.0794682784167482
hyper,GO:0051262,protein tetramerization,89,2,94,35143,0.0238425643791016,8.56228627259299,0.0794682784167482
hyper,GO:0031398,positive regulation of protein ubiquitination,90,2,94,35143,0.0243426270936511,8.46690821255936,0.0794682784167482
hyper,GO:0046785,microtubule polymerization,90,2,94,35143,0.0243426270936511,8.46690821255936,0.0794682784167482
hyper,GO:0043549,regulation of kinase activity,232,3,94,35143,0.0245315120329962,4.96082796513807,0.0794682784167482
hyper,GO:0042274,ribosomal small subunit biogenesis,94,2,94,35143,0.0263855331070058,8.10568917668731,0.0829458215230329
hyper,GO:0046822,regulation of nucleocytoplasmic transport,94,2,94,35143,0.0263855331070058,8.10568917668731,0.0829458215230329
hyper,GO:0098685,Schaffer collateral - CA1 synapse,95,2,94,35143,0.0269067941428373,8.02013729977025,0.0829458215230329
hyper,GO:0006352,DNA-templated transcription initiation,241,3,94,35143,0.0270475504966412,4.7743376954993,0.0829458215230329
hyper,GO:0031123,RNA 3'-end processing,96,2,94,35143,0.0274322176571574,7.93636775362229,0.0830185534361343
hyper,GO:1905368,peptidase complex,104,2,94,35143,0.0317824186265419,7.32420568561796,0.0941665710468558
hyper,GO:0006090,pyruvate metabolic process,105,2,94,35143,0.0323441700552244,7.25424430641747,0.0941665710468558
hyper,GO:1901796,regulation of signal transduction by p53 class mediator,105,2,94,35143,0.0323441700552244,7.25424430641747,0.0941665710468558
hyper,GO:0022626,cytosolic ribosome,106,2,94,35143,0.0329098337549129,7.18560295323962,0.0946157720453746
hyper,GO:0061695,"transferase complex, transferring phosphorus-containing groups",262,3,94,35143,0.0334345509368509,4.38901937756881,0.0947779369641817
hyper,GO:0043065,positive regulation of apoptotic process,454,4,94,35143,0.0337903949176648,3.39588839941255,0.0947779369641817
hyper,GO:0051338,regulation of transferase activity,268,3,94,35143,0.0353912736302134,4.29001968181055,0.0958193209180232
hyper,GO:1903322,positive regulation of protein modification by small protein conjugation or removal,113,2,94,35143,0.0369769811376323,6.73913043478196,0.0958193209180232
hyper,GO:1901875,positive regulation of post-translational protein modification,114,2,94,35143,0.0375730708044801,6.67982456140287,0.0958193209180232
hyper,GO:0097193,intrinsic apoptotic signaling pathway,275,3,94,35143,0.0377475483996168,4.17998001997985,0.0958193209180232
hyper,GO:0003697,single-stranded DNA binding,115,2,94,35143,0.038172856179464,6.62155009451733,0.0958193209180232
hyper,GO:0043161,proteasome-mediated ubiquitin-dependent protein catabolic process,474,4,94,35143,0.038610996263557,3.25072667604306,0.0958193209180232
hyper,GO:0030010,establishment of cell polarity,116,2,94,35143,0.0387763136926391,6.56428035981948,0.0958193209180232
hyper,GO:0032612,interleukin-1 production,116,2,94,35143,0.0387763136926391,6.56428035981948,0.0958193209180232
hyper,GO:0032652,regulation of interleukin-1 production,116,2,94,35143,0.0387763136926391,6.56428035981948,0.0958193209180232
hyper,GO:0098839,postsynaptic density membrane,117,2,94,35143,0.0393834198713116,6.50798959494551,0.0958193209180232
hyper,GO:0006913,nucleocytoplasmic transport,280,3,94,35143,0.0394787437986685,4.1047488226058,0.0958193209180232
hyper,GO:0051169,nuclear transport,280,3,94,35143,0.0394787437986685,4.1047488226058,0.0958193209180232
hyper,GO:0043068,positive regulation of programmed cell death,479,4,94,35143,0.0398747727307198,3.21633031779162,0.0958193209180232
hyper,GO:0007338,single fertilization,118,2,94,35143,0.0399941513396966,6.45265291083213,0.0958193209180232
hyper,GO:0032496,response to lipopolysaccharide,283,3,94,35143,0.0405366178196014,4.06088611035592,0.0961177535928694
hyper,GO:0016810,"hydrolase activity, acting on carbon-nitrogen (but not peptide) bonds",120,2,94,35143,0.0412263971249632,6.34474637681102,0.0967558299871584
hyper,GO:0097190,apoptotic signaling pathway,491,4,94,35143,0.0430036808650858,3.13663724824614,0.0991331662157716
hyper,GO:0002020,protease binding,123,2,94,35143,0.0431013766155529,6.18946624248796,0.0991331662157716
hyper,GO:0001221,transcription coregulator binding,124,2,94,35143,0.0437333743147636,6.1393758765773,0.0995908523999568
hyper,GO:0031109,microtubule polymerization or depolymerization,126,2,94,35143,0.0450077401328829,6.04158040027553,0.101488041476109
hyper,GO:0042254,ribosome biogenesis,297,3,94,35143,0.0456617179998373,3.86790986790972,0.101818297514386
hyper,GO:0002237,response to molecule of bacterial origin,298,3,94,35143,0.046039578006505,3.85481967696719,0.101818297514386
hyper,GO:0006368,transcription elongation by RNA polymerase II,129,2,94,35143,0.0469448771248258,5.90057296932879,0.102831635606761
hyper,GO:0009566,fertilization,135,2,94,35143,0.0509090671302249,5.63735909822821,0.109848777335669
hyper,GO:0007269,neurotransmitter secretion,136,2,94,35143,0.0515811650097924,5.59574808184099,0.109848777335669
hyper,GO:0099643,signal release from synapse,136,2,94,35143,0.0515811650097924,5.59574808184099,0.109848777335669
hyper,GO:0140104,molecular carrier activity,138,2,94,35143,0.052934936606254,5.51433522369207,0.111697572655398
hyper,GO:0099634,postsynaptic specialization membrane,144,2,94,35143,0.0570713208256518,5.2836654589368,0.117398063562676
hyper,GO:0070507,regulation of microtubule cytoskeleton organization,145,2,94,35143,0.057771443975744,5.24707646176872,0.117398063562676
hyper,GO:0019842,vitamin binding,145,2,94,35143,0.057771443975744,5.24707646176872,0.117398063562676
hyper,GO:0000377,"RNA splicing, via transesterification reactions with bulged adenosine as nucleophile",329,3,94,35143,0.0585151492006845,3.48849326964817,0.117398063562676
hyper,GO:0000398,"mRNA splicing, via spliceosome",329,3,94,35143,0.0585151492006845,3.48849326964817,0.117398063562676
hyper,GO:0031401,positive regulation of protein modification process,330,3,94,35143,0.0589417236179494,3.47782217782206,0.117398063562676
hyper,GO:1902850,microtubule cytoskeleton organization involved in mitosis,148,2,94,35143,0.0598897832151977,5.14027614571055,0.117398063562676
hyper,GO:0000375,"RNA splicing, via transesterification reactions",333,3,94,35143,0.060230310871286,3.44619344619333,0.117398063562676
hyper,GO:0072594,establishment of protein localization to organelle,333,3,94,35143,0.060230310871286,3.44619344619333,0.117398063562676
hyper,GO:0006354,DNA-templated transcription elongation,151,2,94,35143,0.0620346449767258,5.03771955082025,0.119898893652495
hyper,GO:0003735,structural constituent of ribosome,156,2,94,35143,0.0656668633609507,4.87555741360055,0.125861488108489
hyper,GO:0031396,regulation of protein ubiquitination,160,2,94,35143,0.0686229019387342,4.75312499999968,0.130440226825693
hyper,GO:0051168,nuclear export,164,2,94,35143,0.0716222561502658,4.63666489925738,0.135025564873452
hyper,GO:0007254,JNK cascade,165,2,94,35143,0.0723787174739803,4.60843214756228,0.135342317227768
hyper,GO:0032271,regulation of protein polymerization,173,2,94,35143,0.0785228080414755,4.39432018094971,0.145647143947898
hyper,GO:0007163,establishment or maintenance of cell polarity,174,2,94,35143,0.0793020882235957,4.36894052973486,0.145915842331416
hyper,GO:0043484,regulation of RNA splicing,176,2,94,35143,0.0808679576309351,4.31904644268748,0.146453781536339
hyper,GO:0000922,spindle pole,176,2,94,35143,0.0808679576309351,4.31904644268748,0.146453781536339
hyper,GO:0042770,signal transduction in response to DNA damage,178,2,94,35143,0.0824434507899456,4.27027357107937,0.146992199082849
hyper,GO:0048863,stem cell differentiation,178,2,94,35143,0.0824434507899456,4.27027357107937,0.146992199082849
hyper,GO:0031334,positive regulation of protein-containing complex assembly,179,2,94,35143,0.0832347609551657,4.24629584648991,0.147261500151447
hyper,GO:0043254,regulation of protein-containing complex assembly,384,3,94,35143,0.0840944240949838,2.98411744505486,0.14764669879272
hyper,GO:0009612,response to mechanical stimulus,185,2,94,35143,0.088031383497012,4.10787309048154,0.153388016699339
hyper,GO:0016853,isomerase activity,394,3,94,35143,0.089186369093861,2.90754169688172,0.153967180098362
hyper,GO:0140694,membraneless organelle assembly,395,3,94,35143,0.0897026179703501,2.90009737098337,0.153967180098362
hyper,GO:1901654,response to ketone,188,2,94,35143,0.0904602456715322,4.0419750231265,0.154117455588536
hyper,GO:0000070,mitotic sister chromatid segregation,192,2,94,35143,0.093729354247798,3.95731431159398,0.157817603104547
hyper,GO:0043523,regulation of neuron apoptotic process,193,2,94,35143,0.0945519858901641,3.9366974543814,0.157817603104547
hyper,GO:0006399,tRNA metabolic process,194,2,94,35143,0.095376725354487,3.91629314208853,0.157817603104547
hyper,GO:0071222,cellular response to lipopolysaccharide,194,2,94,35143,0.095376725354487,3.91629314208853,0.157817603104547
hyper,GO:0051260,protein homooligomerization,195,2,94,35143,0.0962035557811965,3.89609810479354,0.158048698783394
hyper,GO:0005681,spliceosomal complex,196,2,94,35143,0.097032460384075,3.87610913930768,0.158279899917286
hyper,GO:0006836,neurotransmitter transport,197,2,94,35143,0.097863422449992,3.85632310748158,0.158511177207734
hyper,GO:0004518,nuclease activity,198,2,94,35143,0.0986964253386409,3.83673693456281,0.158742502292919
hyper,GO:1903320,regulation of protein modification by small protein conjugation or removal,201,2,94,35143,0.101207513624749,3.77914773956285,0.161650889817307
hyper,GO:0061136,regulation of proteasomal protein catabolic process,203,2,94,35143,0.102891474776714,3.74170057828209,0.162747297733826
hyper,GO:0031507,heterochromatin formation,205,2,94,35143,0.104583205981755,3.704984093319,0.162747297733826
hyper,GO:0004842,ubiquitin-protein transferase activity,423,3,94,35143,0.104659251127255,2.7059465357337,0.162747297733826
hyper,GO:0071219,cellular response to molecule of bacterial origin,206,2,94,35143,0.105431945053653,3.6868932038833,0.162747297733826
hyper,GO:1901873,regulation of post-translational protein modification,206,2,94,35143,0.105431945053653,3.6868932038833,0.162747297733826
hyper,GO:0001934,positive regulation of protein phosphorylation,208,2,94,35143,0.10713509015281,3.65123327759178,0.164273804900975
hyper,GO:0010638,positive regulation of organelle organization,432,3,94,35143,0.109664678939707,2.64888583638577,0.167038914941276
hyper,GO:0005635,nuclear envelope,434,3,94,35143,0.110789536650153,2.63652706740258,0.167642062036415
hyper,GO:0043123,positive regulation of canonical NF-kappaB signal transduction,215,2,94,35143,0.113153943391141,3.53164812942348,0.168996149220536
hyper,GO:0070828,heterochromatin organization,215,2,94,35143,0.113153943391141,3.53164812942348,0.168996149220536
hyper,GO:0051402,neuron apoptotic process,216,2,94,35143,0.114020917058658,3.51519726247969,0.169192328538654
hyper,GO:0005840,ribosome,218,2,94,35143,0.11576006360179,3.48274830474654,0.170671888643664
hyper,GO:0042327,positive regulation of phosphorylation,226,2,94,35143,0.12278375980597,3.35869565217375,0.178042291112594
hyper,GO:0019787,ubiquitin-like protein transferase activity,457,3,94,35143,0.124040706033861,2.50217616081943,0.178042291112594
hyper,GO:0033044,regulation of chromosome organization,228,2,94,35143,0.124555866547513,3.3290427154842,0.178042291112594
hyper,GO:0071216,cellular response to biotic stimulus,228,2,94,35143,0.124555866547513,3.3290427154842,0.178042291112594
hyper,GO:0008380,RNA splicing,458,3,94,35143,0.124629603778816,2.49664091367142,0.178042291112594
hyper,GO:0000819,sister chromatid segregation,231,2,94,35143,0.127225688411153,3.28552606813461,0.180629063793612
hyper,GO:0009060,aerobic respiration,233,2,94,35143,0.129013176390286,3.25713752565762,0.180933113230279
hyper,GO:0045814,"negative regulation of gene expression, epigenetic",233,2,94,35143,0.129013176390286,3.25713752565762,0.180933113230279
hyper,GO:0016755,aminoacyltransferase activity,472,3,94,35143,0.132980663703461,2.42161016949147,0.183978816078082
hyper,GO:0022618,protein-RNA complex assembly,238,2,94,35143,0.133507692307575,3.18825356229434,0.183978816078082
hyper,GO:0050790,regulation of catalytic activity,473,3,94,35143,0.133584618630607,2.41642078851376,0.183978816078082
hyper,GO:0032386,regulation of intracellular transport,247,2,94,35143,0.141686020114055,3.07129026579814,0.191182902858162
hyper,GO:0032886,regulation of microtubule-based process,247,2,94,35143,0.141686020114055,3.07129026579814,0.191182902858162
hyper,GO:0071826,protein-RNA complex organization,247,2,94,35143,0.141686020114055,3.07129026579814,0.191182902858162
hyper,GO:0060341,regulation of cellular localization,487,3,94,35143,0.142140332124981,2.34600717557591,0.191182902858162
hyper,GO:0051258,protein polymerization,249,2,94,35143,0.143518027790327,3.04644665618984,0.191913641812646
hyper,GO:0000209,protein polyubiquitination,252,2,94,35143,0.146275528749566,3.00992063492051,0.194470356141042
hyper,GO:0006520,amino acid metabolic process,253,2,94,35143,0.147197173887776,2.99793778999815,0.194570976978095
hyper,GO:0016323,basolateral plasma membrane,254,2,94,35143,0.148120036456121,2.98604929818543,0.19467204791376
hyper,GO:0006397,mRNA processing,499,3,94,35143,0.149617391723341,2.28879737496967,0.194875442598609
hyper,GO:0003730,mRNA 3'-UTR binding,256,2,94,35143,0.149969362347625,2.96255095108683,0.194875442598609
hyper,GO:0051259,protein complex oligomerization,257,2,94,35143,0.150895800050056,2.95093892742332,0.194977719165803
hyper,GO:0031965,nuclear membrane,258,2,94,35143,0.151823403940733,2.93941691944713,0.195080351432227
hyper,GO:0140014,mitotic nuclear division,263,2,94,35143,0.156478474995668,2.88312117705394,0.19994471805002
hyper,GO:0045333,cellular respiration,267,2,94,35143,0.160222246881451,2.83960267057471,0.203597330291346
hyper,GO:0045121,membrane raft,278,2,94,35143,0.170601297358631,2.72638411010312,0.215595046112555
hyper,GO:0098857,membrane microdomain,280,2,94,35143,0.172500710509739,2.70675465838499,0.216804171678907
hyper,GO:0009925,basal plasma membrane,285,2,94,35143,0.177264606543464,2.65888634630043,0.221580758179329
hyper,GO:0010562,positive regulation of phosphorus metabolic process,288,2,94,35143,0.180133028389684,2.63096316425111,0.222745142632405
hyper,GO:0045937,positive regulation of phosphate metabolic process,288,2,94,35143,0.180133028389684,2.63096316425111,0.222745142632405
hyper,GO:0098813,nuclear chromosome segregation,292,2,94,35143,0.183968735375372,2.59462477665267,0.22627170661142
hyper,GO:0071214,cellular response to abiotic stimulus,298,2,94,35143,0.189744767055266,2.54194630872474,0.230813745221002
hyper,GO:0104004,cellular response to environmental stimulus,298,2,94,35143,0.189744767055266,2.54194630872474,0.230813745221002
hyper,GO:0045211,postsynaptic membrane,299,2,94,35143,0.190709923751614,2.53337210993156,0.230813745221002
hyper,GO:0030667,secretory granule membrane,300,2,94,35143,0.191675762335701,2.52485507246368,0.230813745221002
hyper,GO:0045178,basal part of cell,304,2,94,35143,0.19554572823783,2.49134725400449,0.234247486951567
hyper,GO:0043122,regulation of canonical NF-kappaB signal transduction,307,2,94,35143,0.198454857680648,2.46678940659954,0.236432626974984
hyper,GO:0051020,GTPase binding,308,2,94,35143,0.199425781013682,2.45870976849229,0.236432626974984
hyper,GO:0040029,epigenetic regulation of gene expression,319,2,94,35143,0.210142711764578,2.37317704783964,0.247742937455861
hyper,GO:0007249,canonical NF-kappaB signal transduction,320,2,94,35143,0.211120068440647,2.36569293478253,0.247742937455861
hyper,GO:0006887,exocytosis,325,2,94,35143,0.216013768680059,2.32896321070226,0.252198816225449
hyper,GO:1902903,regulation of supramolecular fiber organization,331,2,94,35143,0.221900204972288,2.2863522921318,0.257445242375345
hyper,GO:0000151,ubiquitin ligase complex,332,2,94,35143,0.22288263465529,2.27940020953371,0.257445242375345
hyper,GO:0061629,RNA polymerase II-specific DNA-binding transcription factor binding,333,2,94,35143,0.223865428152474,2.27248988118546,0.257445242375345
hyper,GO:0044093,positive regulation of molecular function,338,2,94,35143,0.228784544289955,2.238551582197,0.261793259635271
hyper,GO:0001818,negative regulation of cytokine production,343,2,94,35143,0.233711445315113,2.20560273798954,0.264796218829931
hyper,GO:0015980,energy derivation by oxidation of organic compounds,343,2,94,35143,0.233711445315113,2.20560273798954,0.264796218829931
hyper,GO:0009410,response to xenobiotic stimulus,350,2,94,35143,0.24062016396679,2.16105590062105,0.269756541604416
hyper,GO:0061630,ubiquitin protein ligase activity,351,2,94,35143,0.24160803291526,2.15483711135878,0.269756541604416
hyper,GO:0106310,protein serine kinase activity,351,2,94,35143,0.24160803291526,2.15483711135878,0.269756541604416
hyper,GO:0009615,response to virus,360,2,94,35143,0.250507021832198,2.10042270531395,0.278341135369109
hyper,GO:0061659,ubiquitin-like protein ligase activity,367,2,94,35143,0.257436136790249,2.05994550408713,0.284664958950756
hyper,GO:0042176,regulation of protein catabolic process,372,2,94,35143,0.262388018945793,2.0319658719027,0.288752365347044
hyper,GO:0015631,tubulin binding,376,2,94,35143,0.266350325302539,2.01011794634592,0.291414308934841
hyper,GO:0016607,nuclear speck,377,2,94,35143,0.267340952979354,2.0047284050282,0.291414308934841
hyper,GO:0043235,receptor complex,380,2,94,35143,0.27031284514925,1.98872997711665,0.29326393577513
hyper,GO:0140098,"catalytic activity, acting on RNA",388,2,94,35143,0.278236735656336,1.94727700582693,0.300443423478673
hyper,GO:0000280,nuclear division,394,2,94,35143,0.284176936584274,1.91729198852345,0.305423810347584
hyper,GO:0006091,generation of precursor metabolites and energy,397,2,94,35143,0.287145658493586,1.90263936042049,0.307179076528022
hyper,GO:0023061,signal release,400,2,94,35143,0.290113229886864,1.88820652173908,0.308916865157309
hyper,GO:0004674,protein serine/threonine kinase activity,422,2,94,35143,0.311824498887447,1.78863589532244,0.330505229235543
hyper,GO:0097060,synaptic membrane,426,2,94,35143,0.315759417676556,1.7716370687895,0.333140670025724
hyper,GO:1903829,positive regulation of protein localization,435,2,94,35143,0.324595019604063,1.73453273363314,0.340898879036231
hyper,GO:0030133,transport vesicle,438,2,94,35143,0.327534184896781,1.72250347429021,0.341891556601388
hyper,GO:0048285,organelle fission,439,2,94,35143,0.328513191343073,1.71853025651179,0.341891556601388
hyper,GO:0140168,nuclear ribonucleoprotein granule,443,2,94,35143,0.332425506246751,1.70281676317593,0.344404803769157
hyper,GO:0044089,positive regulation of cellular component biogenesis,448,2,94,35143,0.337307179711059,1.6835694875776,0.347895297459837
hyper,GO:0043025,neuronal cell body,458,2,94,35143,0.34703917885859,1.64633567495724,0.356334871149445
hyper,GO:0140297,DNA-binding transcription factor binding,464,2,94,35143,0.352856760661765,1.6247657421289,0.360698022009805
hyper,GO:0040008,regulation of growth,466,2,94,35143,0.354792136960935,1.61769919761146,0.361071643809801
hyper,GO:0051493,regulation of cytoskeleton organization,476,2,94,35143,0.364438842441433,1.58325721592981,0.3692552148085
hyper,GO:0019221,cytokine-mediated signaling pathway,482,2,94,35143,0.370201534208877,1.56327800829872,0.373448916087903
hyper,GO:0005975,carbohydrate metabolic process,487,2,94,35143,0.37498849633257,1.54700473172035,0.376626000683368
hyper,GO:0080135,regulation of cellular response to stress,490,2,94,35143,0.377853790294326,1.53740017746226,0.377853790294326
hypo,GO:0048729,tissue morphogenesis,372,4,61,35143,0.00400993460434073,6.55932842859807,0.0613272700013256
hypo,GO:0048644,muscle organ morphogenesis,56,2,61,35143,0.00429690055856262,21.2391041162163,0.0613272700013256
hypo,GO:0060415,muscle tissue morphogenesis,56,2,61,35143,0.00429690055856262,21.2391041162163,0.0613272700013256
hypo,GO:0030858,positive regulation of epithelial cell differentiation,64,2,61,35143,0.00557520636375687,18.5799788135544,0.0613272700013256
hypo,GO:1901264,carbohydrate derivative transport,84,2,61,35143,0.00942874669338698,14.1481033091174,0.0829729709018055
hypo,GO:0010811,positive regulation of cell-substrate adhesion,102,2,61,35143,0.0136571173316802,11.6453971419057,0.100152193765655
hypo,GO:0002520,immune system development,113,2,61,35143,0.0165749352683071,10.5084745762696,0.104185307400787
hypo,GO:0030856,regulation of epithelial cell differentiation,134,2,61,35143,0.0228059412655966,8.85631166202772,0.110291669734509
hypo,GO:0032635,interleukin-6 production,141,2,61,35143,0.0250662885760248,8.41495372039807,0.110291669734509
hypo,GO:0032675,regulation of interleukin-6 production,141,2,61,35143,0.0250662885760248,8.41495372039807,0.110291669734509
hypo,GO:0010810,regulation of cell-substrate adhesion,184,2,61,35143,0.0407856078115034,6.44049373618216,0.163142431246014
hypo,GO:0005516,calmodulin binding,194,2,61,35143,0.0448585021928153,6.10676218766328,0.164481174706989
hypo,GO:0007517,muscle organ development,242,2,61,35143,0.0663122227503551,4.88877994116789,0.212105774555838
hypo,GO:0008544,epidermis development,273,2,61,35143,0.0816381713536464,4.32979449928576,0.212105774555838
hypo,GO:0002429,immune response-activating cell surface receptor signaling pathway,284,2,61,35143,0.0873173751064932,4.16077822869395,0.212105774555838
hypo,GO:0006650,glycerophospholipid metabolic process,284,2,61,35143,0.0873173751064932,4.16077822869395,0.212105774555838
hypo,GO:0060537,muscle tissue development,286,2,61,35143,0.0883625776662407,4.13144482635984,0.212105774555838
hypo,GO:0031589,cell-substrate adhesion,303,2,61,35143,0.0973959405844004,3.89774570677385,0.212105774555838
hypo,GO:0002697,regulation of immune effector process,307,2,61,35143,0.0995587361368371,3.84651907469752,0.212105774555838
hypo,GO:0002768,immune response-regulating cell surface receptor signaling pathway,309,2,61,35143,0.10064525341621,3.82140310460184,0.212105774555838
hypo,GO:0050900,leukocyte migration,317,2,61,35143,0.105024623265751,3.72410843180219,0.212105774555838
hypo,GO:0000151,ubiquitin ligase complex,332,2,61,35143,0.113373293058255,3.55431897079827,0.212105774555838
hypo,GO:0001818,negative regulation of cytokine production,343,2,61,35143,0.119602633803186,3.43924494737345,0.212105774555838
hypo,GO:1903706,regulation of hemopoiesis,355,2,61,35143,0.126494338049093,3.32184292193825,0.212105774555838
hypo,GO:0006644,phospholipid metabolic process,358,2,61,35143,0.128232147866379,3.29372218539895,0.212105774555838
hypo,GO:0046486,glycerolipid metabolic process,364,2,61,35143,0.131724890863923,3.23887129819318,0.212105774555838
hypo,GO:0045089,positive regulation of innate immune response,366,2,61,35143,0.132894099587354,3.22098731129002,0.212105774555838
hypo,GO:0045785,positive regulation of cell adhesion,387,2,61,35143,0.145311800717495,3.04436561117667,0.212105774555838
hypo,GO:0002833,positive regulation of response to biotic stimulus,391,2,61,35143,0.147704624295744,3.01287442021748,0.212105774555838
hypo,GO:0016324,apical plasma membrane,402,2,61,35143,0.154326816505189,2.92950501728633,0.212105774555838
hypo,GO:0002250,adaptive immune response,403,2,61,35143,0.154931772337629,2.9221516591663,0.212105774555838
hypo,GO:0015711,organic anion transport,409,2,61,35143,0.158571361900176,2.87878662301592,0.212105774555838
hypo,GO:0006869,lipid transport,416,2,61,35143,0.162838190402229,2.82977509778346,0.212105774555838
hypo,GO:0004842,ubiquitin-protein transferase activity,423,2,61,35143,0.167126170486897,2.78238570340975,0.212105774555838
hypo,GO:0010876,lipid localization,435,2,61,35143,0.174523022757828,2.70469511007198,0.212105774555838
hypo,GO:0045088,regulation of innate immune response,442,2,61,35143,0.178862893439431,2.66132372114416,0.212105774555838
hypo,GO:0001819,positive regulation of cytokine production,446,2,61,35143,0.18135058553684,2.63715132629009,0.212105774555838
hypo,GO:0019787,ubiquitin-like protein transferase activity,457,2,61,35143,0.188219050315154,2.57285910321542,0.212105774555838
hypo,GO:0002694,regulation of leukocyte activation,466,2,61,35143,0.19386639246071,2.52251400305512,0.212105774555838
hypo,GO:0002757,immune response-activating signaling pathway,467,2,61,35143,0.194495312798851,2.5170398867636,0.212105774555838
hypo,GO:0016755,aminoacyltransferase activity,472,2,61,35143,0.197644017199758,2.49001723642622,0.212105774555838
hypo,GO:0002764,immune response-regulating signaling pathway,492,2,61,35143,0.210301281233519,2.38741904368188,0.212843482427914
hypo,GO:0045177,apical part of cell,492,2,61,35143,0.210301281233519,2.38741904368188,0.212843482427914
hypo,GO:0031349,positive regulation of defense response,496,2,61,35143,0.212843482427914,2.36789229086925,0.212843482427914
