region_id,p_limma,fdr_limma,p_wilcox,fdr_wilcox,gene_id,chr,start,end,type,reg_id,symbol,beta_pe,beta_ctrl,delta_beta,direction,candidate,n_tested,n_sig_nom,min_p,n_pos,agree_pct,validation
6569,8.57157194590011e-09,9.99630690044494e-05,2.72021035010265e-07,0.000585229254968556,107984000,chr3,122514961,122518172,gene_body,"",LOC107984000,0.505689363494377,0.404118584178074,0.101570779316303,hyper,TRUE,28,2,0.0452378904234847,18,64.2857142857143,unconfirmed
23757,4.77454031941269e-08,0.000195551359698788,3.10327586172411e-08,0.000213065898478784,105370460,chr14,39432429,39514455,gene_body,"",LOC105370460,0.371667158996306,0.246314667948281,0.125352491048025,hyper,TRUE,36,0,0.150314945875434,10,27.7777777777778,unconfirmed
23893,1.07140787194579e-07,0.000290264233396631,3.54665487252448e-07,0.000629279373793879,6430,chr14,69726900,69772005,gene_body,"",SRSF5,0.447430517524283,0.337033774636689,0.110396742887594,hyper,TRUE,155,2,0.00425926796264554,48,30.9677419354839,unconfirmed
58964,9.99084811482804e-08,0.000290264233396631,1.16436242603161e-06,0.00100200920869835,5706,chr14,52705178,52709177,promoter_TSS2kb,"",PSMC6,0.435921742988045,0.333622760303043,0.102298982685001,hyper,TRUE,77,2,0.0121671224462936,29,37.6623376623377,unconfirmed
6660,1.8278046740073e-07,0.00036029981265862,2.48783530364006e-07,0.000568688052470823,124909487,chr3,133661926,133671344,gene_body,"",LOC124909487,0.420460690801954,0.303195550975769,0.117265139826185,hyper,TRUE,43,0,0.0622395109752709,13,30.2325581395349,unconfirmed
5447,2.51306248861094e-07,0.000422667580974362,9.35865261840362e-06,0.00262286100280072,10746,chr2,127298668,127388465,gene_body,"",MAP3K2,0.372992467701329,0.260163815252429,0.1128286524489,hyper,TRUE,273,8,0.000108159660195821,90,32.967032967033,unconfirmed
57400,2.54243090212609e-07,0.000422667580974362,2.04974176280464e-06,0.00137554596757463,124902940,chr12,55645245,55649244,promoter_TSS2kb,"",LOC124902940,0.51469690351051,0.36989947547899,0.14479742803152,hyper,TRUE,50,11,0.00150559362126645,43,86,site_confirmed
19524,3.01059854020869e-07,0.000486022385623214,6.48561182586669e-06,0.00224838641629619,10992,chr11,66052331,66069308,gene_body,"",SF3B2,0.511109199036491,0.39929462912861,0.111814569907882,hyper,TRUE,32,1,0.017511248034519,8,25,unconfirmed
104598,3.18183436192133e-07,0.000495201744480471,5.5875758745769e-06,0.0021398952883432,,chr1,148149000,148152801,regbuild_promoter,ENSR00000013160,"",0.412445053540418,0.290571866167693,0.121873187372725,hyper,TRUE,78,0,0.0528233151183971,33,42.3076923076923,unconfirmed
16074,4.88986664911436e-07,0.000659499435465805,1.48708147960023e-06,0.00116964554913761,100129250,chr9,32551144,32568621,gene_body,"",TZMP1,0.428390628481123,0.309440251720978,0.118950376760145,hyper,TRUE,113,2,0.00817739667187074,43,38.0530973451327,unconfirmed
27285,5.51729914588263e-07,0.000662491263806185,1.73294007216698e-07,0.000452718215710252,63826,chr17,2303383,2325260,gene_body,"",SRR,0.40434065627762,0.302483511226546,0.101857145051074,hyper,TRUE,235,17,0.00406003765440666,103,43.8297872340426,unconfirmed
13934,6.44995663847339e-07,0.000725848351063156,3.74489129963055e-05,0.00514908475160481,57037,chr7,16599779,16645817,gene_body,"",ANKMY2,0.567091907208083,0.463018078014883,0.1040738291932,hyper,TRUE,46,2,0.0132530639623134,18,39.1304347826087,unconfirmed
46470,9.08041363036973e-07,0.000781629758287747,2.67873316518993e-05,0.00437374940998466,105374910,chr6,8100711,8104710,promoter_TSS2kb,"",LOC105374910,0.354595643320575,0.246981446125951,0.107614197194624,hyper,TRUE,56,0,0.22430804215696,22,39.2857142857143,unconfirmed
46471,9.08041363036973e-07,0.000781629758287747,2.67873316518993e-05,0.00437374940998466,105374911,chr6,8100737,8104736,promoter_TSS2kb,"",LOC105374911,0.354595643320575,0.246981446125951,0.107614197194624,hyper,TRUE,56,0,0.22430804215696,22,39.2857142857143,unconfirmed
47344,9.08041363036973e-07,0.000781629758287747,2.67873316518993e-05,0.00437374940998466,100526837,chr6,8100560,8104559,promoter_TSS2kb,"",EEF1E1-BLOC1S5,0.354595643320575,0.246981446125951,0.107614197194624,hyper,TRUE,56,0,0.22430804215696,22,39.2857142857143,unconfirmed
47345,9.06117520316614e-07,0.000781629758287747,2.67873316518993e-05,0.00437374940998466,9521,chr6,8100549,8104548,promoter_TSS2kb,"",EEF1E1,0.354595643320575,0.246969890087658,0.107625753232917,hyper,TRUE,56,0,0.22430804215696,22,39.2857142857143,unconfirmed
73424,9.15016565281361e-07,0.000781629758287747,2.50284030877759e-05,0.00429760006822683,,chr6,8100000,8103401,regbuild_promoter,ENSR00000192875,"",0.354121570568396,0.24657328846247,0.107548282105926,hyper,TRUE,56,0,0.22430804215696,22,39.2857142857143,unconfirmed
9733,2.12202687170966e-06,0.00122222064261274,8.85894285374e-06,0.0025920558074615,257396,chr5,53109816,53127673,gene_body,"",MOCS2-DT,0.495155518282738,0.382728388669278,0.11242712961346,hyper,TRUE,23,1,0.0143758740894812,9,39.1304347826087,unconfirmed
97752,2.899549091503e-06,0.00144283140779089,1.51300127013698e-05,0.00332813827427914,,chr17,29585000,29586201,regbuild_promoter,ENSR00000283003,"",0.44786595482051,0.250596566128445,0.197269388692065,hyper,TRUE,2,2,0.00338998022932691,2,100,direction_consistent
38086,3.18127237386821e-06,0.00151461218485492,2.00312060165686e-05,0.00383174545897121,8703,chr1,161175969,161179968,promoter_TSS2kb,"",B4GALT3,0.537326581402535,0.40935464085527,0.127971940547265,hyper,TRUE,59,0,0.0608785083950276,19,32.2033898305085,unconfirmed
22142,3.26289496312052e-06,0.00152996308180987,8.08988973406658e-06,0.00245543259032159,55716,chr12,49097136,49110900,gene_body,"",LMBR1L,0.407620190183241,0.288888031395113,0.118732158788129,hyper,TRUE,74,0,0.128924701305918,22,29.7297297297297,unconfirmed
31774,3.53015286795433e-06,0.00157302705120019,2.91324508142363e-05,0.00456312743503159,3929,chr20,38346482,38377013,gene_body,"",LBP,0.658759800440773,0.762746866664047,-0.103987066223274,hypo,TRUE,36,3,0.0193788819875776,12,66.6666666666667,unconfirmed
31975,4.25421679095858e-06,0.00172521359735634,5.91214325320276e-05,0.00658236612915183,6227,chr20,62387103,62388520,gene_body,"",RPS21,0.35707702869749,0.222129688403423,0.134947340294067,hyper,TRUE,50,0,0.0697908321599185,26,52,unconfirmed
2925,4.8074547720942e-06,0.00184112932811071,1.54240563649126e-05,0.00332813827427914,8703,chr1,161171310,161177968,gene_body,"",B4GALT3,0.609030507689132,0.469567254046454,0.139463253642678,hyper,TRUE,62,2,0.0422215370666406,19,30.6451612903226,unconfirmed
25460,6.20279292681166e-06,0.00208902569486781,5.08648786556876e-06,0.00208337930580798,100505648,chr15,40686161,40695128,gene_body,"",RAD51-AS1,0.409115639692107,0.296105878165241,0.113009761526867,hyper,TRUE,38,0,0.150135306474415,11,28.9473684210526,unconfirmed
36931,6.19109780031119e-06,0.00208902569486781,0.00239164942934988,0.0548551615523501,101928626,chr1,629151,633150,promoter_TSS2kb,"",LOC101928626,0.568884477004213,0.359256129313273,0.20962834769094,hyper,TRUE,2,2,0.000611762928474535,2,100,direction_consistent
13097,7.04846247440015e-06,0.00229417619608393,0.000147835289330489,0.01095551903408,124901600,chr7,22854254,22892869,gene_body,"",LOC124901600,0.527439735409744,0.412573607921652,0.114866127488091,hyper,TRUE,82,4,0.0149889890219725,46,56.0975609756098,unconfirmed
66761,7.51830065285084e-06,0.00237299612420359,6.48561182586669e-06,0.00224838641629619,128710,chr20,10433305,10437304,promoter_TSS2kb,"",SLX4IP,0.555512821450517,0.442170657301631,0.113342164148886,hyper,TRUE,78,0,0.0653761333006616,21,26.9230769230769,unconfirmed
104782,9.61126659513353e-06,0.00271445918494528,6.00865114548377e-05,0.00666951159316914,,chr10,68330000,68337201,regbuild_promoter,ENSR00000029152,"",0.328438819020499,0.227488612193586,0.100950206826913,hyper,TRUE,69,0,0.200712382385656,14,20.2898550724638,unconfirmed
20971,9.90747318218146e-06,0.00274536533160219,1.90156710134235e-05,0.0036993571896008,84318,chr12,389273,442642,gene_body,"",CCDC77,0.571595455608356,0.462285360915815,0.10931009469254,hyper,TRUE,76,3,0.00838207401434028,25,32.8947368421053,unconfirmed
52982,9.87532705239368e-06,0.00274536533160219,6.00865114548377e-05,0.00666951159316914,3189,chr10,68329174,68333173,promoter_TSS2kb,"",HNRNPH3,0.328341145913296,0.227522260688553,0.100818885224743,hyper,TRUE,69,0,0.200712382385656,14,20.2898550724638,unconfirmed
24387,1.34047352754116e-05,0.00322542623659806,4.45672625939936e-06,0.00191765066130908,2287,chr14,45115599,45135319,gene_body,"",FKBP3,0.512935543493713,0.389316788925614,0.123618754568099,hyper,TRUE,30,0,0.0956149416863411,13,43.3333333333333,unconfirmed
51775,1.55254183958695e-05,0.00349385675655396,0.000343764596000495,0.0182215164262639,8021,chr9,131123573,131127572,promoter_TSS2kb,"",NUP214,0.431055874473882,0.319594994358798,0.111460880115084,hyper,TRUE,45,0,0.0536159401749611,16,35.5555555555556,unconfirmed
26198,1.60019618259925e-05,0.0035150495605036,0.000131559155977401,0.0102964566458071,101928595,chr16,30096363,30105193,gene_body,"",YPEL3-DT,0.39899224984504,0.269262458916287,0.129729790928752,hyper,TRUE,67,1,0.00139151986514566,17,25.3731343283582,unconfirmed
1769,1.73168257062065e-05,0.00370377534139646,0.00158563720270632,0.0436038308660008,81399,chr1,586945,727211,gene_body,"",OR4F16,0.608629761903171,0.400299904976142,0.20832985692703,hyper,TRUE,4,2,0.000611762928474535,3,75,direction_consistent
73693,1.85050741145094e-05,0.0038564363570602,2.86611399834766e-05,0.00451832988687791,,chr2,121754400,121757601,regbuild_promoter,ENSR00000122680,"",0.274906332652344,0.171493024146853,0.103413308505491,hyper,TRUE,65,0,0.0552120201249725,22,33.8461538461539,unconfirmed
70418,1.96198180376863e-05,0.0040088001391639,5.19660746690249e-05,0.00613099101595135,,chr11,27505200,27508001,regbuild_promoter,ENSR00000038166,"",0.586329276992639,0.396975809685014,0.189353467307625,hyper,TRUE,37,0,0.0619451071897831,11,29.7297297297297,unconfirmed
36496,2.55842093765326e-05,0.00456787628876373,3.54363094191798e-06,0.00172806344092944,26092,chr1,179880042,179884041,promoter_TSS2kb,"",TOR1AIP1,0.257387074135619,0.136104494825604,0.121282579310014,hyper,TRUE,62,1,0.0332093814518729,21,33.8709677419355,unconfirmed
81182,2.66719130055112e-05,0.00462321585906904,3.82639864174293e-06,0.00179418851183469,,chr1,179880600,179884801,regbuild_promoter,ENSR00000016492,"",0.257219181834817,0.136220911946198,0.120998269888619,hyper,TRUE,62,1,0.0332093814518729,21,33.8709677419355,unconfirmed
41612,2.96122126073593e-05,0.00473976833217312,6.2005398127285e-05,0.0067905094223034,84319,chr3,99815837,99819836,promoter_TSS2kb,"",CMSS1,0.470026946912275,0.356143863033347,0.113883083878928,hyper,TRUE,53,1,0.00939077573675169,13,24.5283018867925,unconfirmed
41613,2.96122126073593e-05,0.00473976833217312,6.2005398127285e-05,0.0067905094223034,105374010,chr3,99815912,99819911,promoter_TSS2kb,"",LOC105374010,0.470026946912275,0.356143863033347,0.113883083878928,hyper,TRUE,53,1,0.00939077573675169,13,24.5283018867925,unconfirmed
61757,3.78437033077758e-05,0.00539608422915631,6.30332462643409e-05,0.0067905094223034,100287036,chr16,89318452,89322451,promoter_TSS2kb,"",LOC100287036,0.389530274135142,0.552037541569498,-0.162507267434356,hypo,TRUE,20,1,0.0148386574790339,7,65,unconfirmed
547,3.96461878236427e-05,0.00549692887447078,2.06479504453452e-05,0.00387270840814387,105378724,chr1,53183346,53191509,gene_body,"",LOC105378724,0.579958825953237,0.804682426948052,-0.224723600994815,hypo,TRUE,1,0,0.229593139937968,0,100,direction_consistent
95458,4.1390193678605e-05,0.00556545935147537,0.00141921292781899,0.0409355627934162,,chr16,70687600,70691201,regbuild_promoter,ENSR00000541255,"",0.38123447875417,0.531100884653006,-0.149866405898836,hypo,TRUE,22,0,0.102512091300544,10,54.5454545454546,unconfirmed
42116,4.474518342836e-05,0.00580322815144978,0.000358502927018856,0.0185327011346822,100507297,chr3,194581991,194585990,promoter_TSS2kb,"",TMEM44-AS1,0.433030167086618,0.329130351546552,0.103899815540066,hyper,TRUE,85,1,0.00961476416380956,34,40,unconfirmed
49802,4.7863429750583e-05,0.00600534161131329,0.00141921292781899,0.0409355627934162,100500835,chr7,151431640,151435639,promoter_TSS2kb,"",MIR3907,0.439082177674522,0.55334471626515,-0.114262538590628,hypo,TRUE,47,3,0.0252831737896183,20,57.4468085106383,unconfirmed
1293,5.1031194355691e-05,0.00627366353736148,6.10987527749352e-06,0.00224838641629619,51603,chr1,171781660,171814023,gene_body,"",METTL13,0.282166823018323,0.181287938389362,0.100878884628961,hyper,TRUE,27,0,0.0994660928763425,12,44.4444444444444,unconfirmed
66708,5.23515997305966e-05,0.00631343034333034,0.000156907924974803,0.0113156147706564,122152330,chr20,2662352,2666351,promoter_TSS2kb,"",IDH3B-DT,0.482599612983733,0.370613811582045,0.111985801401688,hyper,TRUE,72,0,0.0605577412652071,27,37.5,unconfirmed
67222,5.26493206845233e-05,0.00631343034333034,0.000156907924974803,0.0113156147706564,3420,chr20,2662220,2666219,promoter_TSS2kb,"",IDH3B,0.482656923148798,0.370528045866373,0.112128877282425,hyper,TRUE,72,0,0.0605577412652071,27,37.5,unconfirmed
21412,5.28216683138005e-05,0.00632373059544661,3.27813719586837e-05,0.00477667688452947,9194,chr12,59596029,59789855,gene_body,"",SLC16A7,0.542371295331889,0.437632579598791,0.104738715733098,hyper,TRUE,80,0,0.180742776262361,29,36.25,unconfirmed
106528,5.4532064350541e-05,0.00642336786330656,0.000125184275306572,0.00996406895552243,,chr3,49899800,49904601,regbuild_promoter,ENSR00000152282,"",0.548314520592544,0.446374729917087,0.101939790675457,hyper,TRUE,118,0,0.0544463772689721,51,43.2203389830509,unconfirmed
87303,6.0286928876012e-05,0.00669175762279595,0.000384266728225555,0.0194521402326941,,chr21,41681400,41681601,regbuild_promoter,ENSR00000663719,"",0.223972273714773,0.399025253782013,-0.17505298006724,hypo,TRUE,11,1,0.0146275804305038,3,72.7272727272727,direction_consistent
67054,6.1508691518411e-05,0.00675561226304614,0.000720385718414667,0.0273513622896054,693230,chr20,50583786,50587785,promoter_TSS2kb,"",MIR645,0.729006491075249,0.85006653471727,-0.121060043642021,hypo,TRUE,3,1,0.0277883036503726,0,100,direction_consistent
54354,6.17973085277696e-05,0.006755848554343,0.000159335637526331,0.0113156147706564,497258,chr11,27504808,27508807,promoter_TSS2kb,"",BDNF-AS,0.583802021427798,0.471433225656836,0.112368795770962,hyper,TRUE,51,0,0.0619451071897831,16,31.3725490196078,unconfirmed
55383,6.17973085277696e-05,0.006755848554343,0.000159335637526331,0.0113156147706564,55327,chr11,27504770,27508769,promoter_TSS2kb,"",LIN7C,0.583802021427798,0.471433225656836,0.112368795770962,hyper,TRUE,51,0,0.0619451071897831,16,31.3725490196078,unconfirmed
27908,6.5326783827902e-05,0.00695563840384771,4.5623672791967e-05,0.00571452126264863,25926,chr17,67717931,67744531,gene_body,"",NOL11,0.384691095521113,0.272850799982484,0.111840295538629,hyper,TRUE,32,0,0.275430929998719,13,40.625,unconfirmed
12268,7.10750171852498e-05,0.00729413571255973,0.00233641562911001,0.0538810807932635,6568,chr6,25723397,25832052,gene_body,"",SLC17A1,0.50801333147187,0.626567482844719,-0.118554151372849,hypo,TRUE,25,0,0.0516869300911854,9,64,unconfirmed
2387,7.63556202207793e-05,0.00758326025608589,1.90156710134235e-05,0.0036993571896008,8880,chr1,77944055,77979110,gene_body,"",FUBP1,0.4855926139827,0.373234254965942,0.112358359016758,hyper,TRUE,36,1,0.0320432576150311,15,41.6666666666667,unconfirmed
98401,8.16106089870137e-05,0.00785480635023957,0.000182178389750209,0.012338874864304,,chr2,121735000,121738001,regbuild_promoter,ENSR00000122679,"",0.317195776332167,0.214483221855875,0.102712554476292,hyper,TRUE,114,0,0.0519670440847376,39,34.2105263157895,unconfirmed
83412,8.44265654069211e-05,0.00805167458459643,0.00150729825038011,0.0425041836618367,,chr1,32765200,32767201,regbuild_promoter,ENSR00000353120,"",0.479825005437397,0.627737630877249,-0.147912625439852,hypo,TRUE,25,3,0.0108047180650697,14,44,unconfirmed
2887,9.2079060916382e-05,0.00836953822611124,0.000118676114814414,0.00967772625021714,124904433,chr1,159346166,159469068,gene_body,"",LOC124904433,0.576555015939039,0.725635191471663,-0.149080175532624,hypo,TRUE,25,0,0.0529586658618917,10,60,unconfirmed
22387,9.55116214715362e-05,0.0085919424908951,0.00217405621894245,0.0518368264285792,105369860,chr12,78303353,78359746,gene_body,"",LINC02424,0.304127246859987,0.421877555382621,-0.117750308522635,hypo,TRUE,5,0,0.10852401758942,1,80,direction_consistent
8537,0.000101020362965104,0.00874489646174134,3.50427398944561e-05,0.00497729385980519,5393,chr4,121801318,121817021,gene_body,"",EXOSC9,0.679668996235366,0.575519008184997,0.104149988050369,hyper,TRUE,19,0,0.24192260646015,7,36.8421052631579,unconfirmed
102983,0.000101715486617694,0.00879466242920934,0.000343752135047153,0.0182215164262639,,chr17,76132400,76133001,regbuild_promoter,ENSR00000564625,"",0.509038101351409,0.609090778932713,-0.100052677581304,hypo,TRUE,25,2,0.00356409297095115,6,76,direction_consistent
22275,0.000106183910500748,0.00896555912327866,0.000417525615673027,0.0204461633224356,4640,chr12,57028517,57051198,gene_body,"",MYO1A,0.62267768577298,0.778761471288737,-0.156083785515757,hypo,TRUE,18,0,0.0625383432487695,5,72.2222222222222,direction_consistent
2861,0.000121827564318888,0.00954115918072595,0.000557136780467745,0.0237768035108837,105371456,chr1,157225321,157279507,gene_body,"",LOC105371456,0.423024602884616,0.306386854952701,0.116637747931916,hyper,TRUE,39,23,8.55834514807974e-05,35,89.7435897435897,site_confirmed
93132,0.00013360666617588,0.00999290431230392,0.00117473465325874,0.0370705308095643,,chr18,77014000,77014401,regbuild_promoter,ENSR00001020371,"",0.234575080954579,0.370885317054628,-0.136310236100049,hypo,TRUE,8,0,0.132102459791247,1,87.5,direction_consistent
100469,0.000137737843570399,0.0101327954574322,2.45154573217388e-05,0.00429760006822683,,chr3,4830600,4831801,regbuild_promoter,ENSR00000675954,"",0.284817668378476,0.150505022989511,0.134312645388964,hyper,TRUE,6,2,0.000187522314790023,4,66.6666666666667,unconfirmed
3554,0.000139207522111116,0.010192944772156,0.00017676496653433,0.0121893301410328,124907734,chr2,11371440,11386310,gene_body,"",LOC124907734,0.391104812306524,0.569542709066301,-0.178437896759777,hypo,TRUE,9,0,0.405624069050799,2,77.7777777777778,direction_consistent
1165,0.000140764822548402,0.0102283559115104,0.000728018570266607,0.0273513622896054,105371455,chr1,157273701,157283968,gene_body,"",LINC02772,0.419884262436059,0.304141840642877,0.115742421793182,hyper,TRUE,40,22,8.55834514807974e-05,36,90,site_confirmed
56107,0.000140788896785393,0.0102283559115104,0.000358502927018856,0.0185327011346822,4798,chr11,129893591,129897590,promoter_TSS2kb,"",NFRKB,0.359982342292133,0.258398344870198,0.101583997421935,hyper,TRUE,80,0,0.055943131969769,21,26.25,unconfirmed
27720,0.000144496508219348,0.0103725520934533,0.00355200102886655,0.0685364735583039,79089,chr17,44186970,44191929,gene_body,"",TMUB2,0.499687950950878,0.37986349175602,0.119824459194859,hyper,TRUE,36,0,0.0543312274641151,8,22.2222222222222,unconfirmed
74671,0.00014564716066938,0.0104244603802777,0.000115949812137028,0.00961519954098399,,chrX,131802600,131803601,regbuild_promoter,ENSR00001293939,"",0.293410174799774,0.192164573062414,0.101245601737361,hyper,TRUE,6,4,0.00024956751982641,4,66.6666666666667,unconfirmed
38022,0.000150753340593193,0.0106404608280602,0.000767471373280522,0.0283387158065238,105371456,chr1,157277508,157281507,promoter_TSS2kb,"",LOC105371456,0.417767370581633,0.301258158295944,0.116509212285689,hyper,TRUE,38,21,8.55834514807974e-05,34,89.4736842105263,site_confirmed
11016,0.000158909626783794,0.0109075198122376,9.20289265121298e-05,0.00855366190153655,8841,chr5,141620876,141636849,gene_body,"",HDAC3,0.378775466449254,0.266634904302742,0.112140562146512,hyper,TRUE,38,1,0.00278472370558025,17,44.7368421052632,unconfirmed
87376,0.000160499063566208,0.0109823999080833,0.00331243583967678,0.0661919660933566,,chr17,78365200,78365801,regbuild_promoter,ENSR00000565426,"",0.789487186533022,0.668520385446465,0.120966801086557,hyper,TRUE,11,2,0.0236046587711836,11,100,direction_consistent
45289,0.00017754954731155,0.0116062504796651,0.000190396743282986,0.0126266010676916,55374,chr5,140637435,140641434,promoter_TSS2kb,"",TMCO6,0.389973009340166,0.282730227503277,0.107242781836889,hyper,TRUE,51,1,0.0124168905286923,18,35.2941176470588,unconfirmed
30748,0.000178783876964508,0.0116765027073213,0.00188627169472154,0.0481051974791881,284427,chr19,6426037,6433779,gene_body,"",SLC25A41,0.346856739514415,0.454944593712102,-0.108087854197687,hypo,TRUE,8,0,0.242424242424242,3,62.5,unconfirmed
2482,0.000180266730288836,0.0117384810917158,0.000250959052143426,0.0152422817773359,101928241,chr1,96254069,96374125,gene_body,"",LINC01787,0.456382509382742,0.606837290124092,-0.15045478074135,hypo,TRUE,26,0,0.0587412587412588,7,73.0769230769231,direction_consistent
99751,0.000202557213772385,0.0127509940387457,0.000338896898850882,0.0180157197362968,,chr9,33287600,33292001,regbuild_promoter,ENSR00000234379,"",0.484109944967459,0.373352658868952,0.110757286098507,hyper,TRUE,37,0,0.111909039595559,14,37.8378378378378,unconfirmed
1211,0.000208216319589535,0.0129622190173066,0.01772055738316,0.168340692397843,4817,chr1,161118086,161125445,gene_body,"",NIT1,0.375040511200763,0.264917869519466,0.110122641681297,hyper,TRUE,18,2,0.0183373790137223,8,44.4444444444444,unconfirmed
54793,0.00021628283005961,0.0132932299565676,0.0023576518435322,0.0543173282049429,80227,chr11,73874699,73878698,promoter_TSS2kb,"",PAAF1,0.266355192134509,0.1067501832812,0.159605008853309,hyper,TRUE,7,0,0.609161976235147,3,42.8571428571429,unconfirmed
18867,0.000219649896302063,0.0134090456972359,0.00135007707293029,0.0397566174439231,124902508,chr10,114792371,114821669,gene_body,"",LOC124902508,0.531278939142989,0.411919070103928,0.119359869039061,hyper,TRUE,43,0,0.0959572997472673,18,41.8604651162791,unconfirmed
89961,0.000225272195335747,0.0136058726372228,0.000269933370508677,0.0157708356117961,,chr5,140638600,140640801,regbuild_promoter,ENSR00000187812,"",0.38762292193565,0.281746642025892,0.105876279909758,hyper,TRUE,51,1,0.0124168905286923,18,35.2941176470588,unconfirmed
21206,0.000229575027858993,0.0137534431923256,0.0231548292375381,0.195263868624485,51135,chr12,43758944,43798307,gene_body,"",IRAK4,0.475445884357903,0.366898294123145,0.108547590234758,hyper,TRUE,48,2,0.00295093295660509,31,64.5833333333333,unconfirmed
8983,0.000236045574809202,0.0139694673997925,0.00265942950778327,0.0578045069507594,7294,chr4,48063158,48134250,gene_body,"",TXK,0.47403640625253,0.591040441995482,-0.117004035742952,hypo,TRUE,33,2,0.0457380457380456,17,48.4848484848485,unconfirmed
81213,0.000242503527539476,0.0141682492272025,0.000439413740550343,0.0210382341231267,,chr17,50943200,50945401,regbuild_promoter,ENSR00000558449,"",0.245429635046098,0.124498707618157,0.120930927427941,hyper,TRUE,21,1,0.00904977375565608,8,38.0952380952381,unconfirmed
18201,0.000245047712723905,0.0142259921351811,0.000217171868892807,0.0136558288437608,56647,chr10,125823546,125853695,gene_body,"",BCCIP,0.45966651429358,0.314317131290654,0.145349383002927,hyper,TRUE,47,1,0.0445795339412361,12,25.531914893617,unconfirmed
30739,0.000257698296744791,0.0146168192613724,0.000110779363717545,0.00937880659399419,105372255,chr19,6175873,6199572,gene_body,"",LOC105372255,0.521571000457406,0.414696679707795,0.106874320749611,hyper,TRUE,41,1,0.0237207039169573,9,21.9512195121951,unconfirmed
62784,0.000259834654805271,0.0146541135926723,0.000201934633400351,0.0130486877773577,100616416,chr17,38823838,38827837,promoter_TSS2kb,"",MIR4727,0.467482329960914,0.359288415104605,0.10819391485631,hyper,TRUE,80,0,0.0704739906191814,32,40,unconfirmed
105670,0.000291130937056907,0.015593065050186,0.00262910317292153,0.0578045069507594,,chr5,138211800,138214600,regbuild_promoter,ENSR00000187464,"",0.449540956926018,0.344893671788277,0.104647285137741,hyper,TRUE,28,0,0.347436534775084,9,32.1428571428572,unconfirmed
66253,0.000299588322367846,0.0157689528627871,0.00347087662782686,0.0678760591420747,339324,chr19,36526272,36530271,promoter_TSS2kb,"",ZNF260,0.627537129368946,0.524628909199105,0.102908220169841,hyper,TRUE,76,2,0.00232076680480429,18,23.6842105263158,unconfirmed
87114,0.000306233128312118,0.0159408094174829,0.000182172546759229,0.012338874864304,,chr17,38823800,38826201,regbuild_promoter,ENSR00000093818,"",0.449870619299162,0.335756789346641,0.114113829952521,hyper,TRUE,74,0,0.0704739906191814,31,41.8918918918919,unconfirmed
10080,0.000309881300036563,0.0159966106810688,0.00191510521249265,0.048322220104661,107986453,chr5,135821706,135826584,gene_body,"",LOC107986453,0.693448231371251,0.80900900189537,-0.11556077052412,hypo,TRUE,7,0,0.0585304681381243,1,85.7142857142857,direction_consistent
66651,0.00032666018288309,0.0165474647212827,0.0020002402990716,0.0494302626339491,147687,chr19,57914611,57918610,promoter_TSS2kb,"",ZNF417,0.359978845565629,0.233706429569891,0.126272415995738,hyper,TRUE,58,1,0.0350097165492967,25,43.1034482758621,unconfirmed
66523,0.000331802519639864,0.0166804540820598,0.00120115589654515,0.0374448837629821,390956,chr19,50925572,50929571,promoter_TSS2kb,"",PPIAP59,0.76918294637563,0.87399956173679,-0.104816615361161,hypo,TRUE,7,1,0.0420330452863421,0,100,direction_consistent
3405,0.000335532549034407,0.0168106403402526,0.000478686234667958,0.0219065838577316,105373210,chr1,234745771,234772742,gene_body,"",LOC105373210,0.54382143524834,0.428928203803929,0.114893231444411,hyper,TRUE,17,1,0.0463768115942029,10,58.8235294117647,unconfirmed
100550,0.000338510684509944,0.0168904362554798,0.00209883593077006,0.050601730607768,,chr19,57915000,57917601,regbuild_promoter,ENSR00000111837,"",0.358971128691945,0.232033121526525,0.126938007165419,hyper,TRUE,58,1,0.0350097165492967,25,43.1034482758621,unconfirmed
612,0.0004040032792345,0.0188109687265724,0.00239200879322487,0.0548551615523501,148581,chr1,64203623,64267368,gene_body,"",UBE2U,0.469657741345087,0.57272811549274,-0.103070374147653,hypo,TRUE,31,1,0.0408348396261028,16,48.3870967741936,unconfirmed
71427,0.000410177000225697,0.0189776263203727,0.000514725086898776,0.0229720016207881,,chr1,43932001,43932201,regbuild_promoter,ENSR00000005676,"",0.660753167077914,0.807741408226434,-0.14698824114852,hypo,TRUE,3,0,0.287908961593172,1,66.6666666666667,unconfirmed
63788,0.000413104727296318,0.0190015977207821,0.000680962809773922,0.0266227492984151,100302211,chr17,48154512,48158511,promoter_TSS2kb,"",MIR1203,0.467144675053844,0.323263655549931,0.143881019503913,hyper,TRUE,17,0,0.157544465133969,9,52.9411764705882,unconfirmed
61928,0.000427679965089176,0.0193259849767909,0.00811519736470743,0.108867909232129,105447648,chr16,14368336,14372335,promoter_TSS2kb,"",LINC02130,0.383358660324866,0.494032875676035,-0.110674215351169,hypo,TRUE,22,2,0.0225945494994438,5,77.2727272727273,direction_consistent
5890,0.000432629041609832,0.0194208850745624,0.00384470226363434,0.0714512909502858,112268431,chr2,230520594,230589562,gene_body,"",LOC112268431,0.444735591518383,0.550495842018131,-0.105760250499749,hypo,TRUE,28,1,0.00697518980835777,12,57.1428571428572,unconfirmed
37915,0.000433365164082027,0.0194238940087451,0.00956413119890584,0.119946012168211,284486,chr1,151851713,151855712,promoter_TSS2kb,"",THEM5,0.305609133373778,0.417203610054382,-0.111594476680604,hypo,TRUE,9,0,0.215425614826346,6,33.3333333333333,unconfirmed
26358,0.000436377534003693,0.0195110903773241,0.00262092594318486,0.0578045069507594,5432,chr16,57462660,57472009,gene_body,"",POLR2C,0.510639742228547,0.295079479894187,0.21556026233436,hyper,TRUE,1,0,1,0,0,unconfirmed
35264,0.000447999445788825,0.0199090300489435,0.00149154477633014,0.0420761732738131,10277,chr1,10030832,10034831,promoter_TSS2kb,"",UBE4B,0.392252428762267,0.290887031922178,0.10136539684009,hyper,TRUE,99,1,0.00580231224333772,43,43.4343434343434,unconfirmed
2476,0.000455569857909585,0.020147535650768,4.5623672791967e-05,0.00571452126264863,199857,chr1,94974405,95072951,gene_body,"",ALG14,0.371222464835063,0.264811693959559,0.106410770875504,hyper,TRUE,40,0,0.0573586596469892,10,25,unconfirmed
603,0.000477639250281943,0.0206548087780499,0.000331558529138137,0.0180157197362968,105378770,chr1,63173145,63198684,gene_body,"",LOC105378770,0.767651116162593,0.899797926811,-0.132146810648407,hypo,TRUE,11,3,0.00675024048730565,1,90.9090909090909,site_confirmed
66533,0.000496824993855291,0.0209622722587707,0.00159825472464861,0.0439125073105884,43847,chr19,51082246,51086245,promoter_TSS2kb,"",KLK14,0.547186677701384,0.70745039274451,-0.160263715043127,hypo,TRUE,2,0,0.0569169960474308,0,100,direction_consistent
64783,0.000498195803058297,0.0210040499147598,0.0112307363752504,0.13119294830048,105372202,chr18,75519945,75523944,promoter_TSS2kb,"",LOC105372202,0.306655617712269,0.414974064109963,-0.108318446397695,hypo,TRUE,6,0,0.109642292950544,2,66.6666666666667,unconfirmed
89338,0.000520790025432341,0.0215712054248725,0.000595400999973965,0.0246145691603878,,chr16,89319600,89321601,regbuild_promoter,ENSR00000546214,"",0.281538249692124,0.421365416520623,-0.139827166828499,hypo,TRUE,12,1,0.0148386574790339,5,58.3333333333333,unconfirmed
13497,0.000524111589893174,0.0216894929828897,0.00270933220119153,0.0587380651608648,441272,chr7,100307702,100322372,gene_body,"",SPDYE3,0.697765342854638,0.829666579604593,-0.131901236749955,hypo,TRUE,4,0,0.114942528735632,1,75,direction_consistent
27412,0.0005506044053926,0.0223505055747269,0.0015672024934767,0.0431780519747021,284034,chr17,12549528,12642854,gene_body,"",LINC00670,0.401974449916305,0.515635848952755,-0.11366139903645,hypo,TRUE,31,0,0.152379057499398,22,29.0322580645161,unconfirmed
14324,0.000575913731181136,0.022871646225999,0.0036313766415454,0.0697431736447835,5444,chr7,95297676,95324532,gene_body,"",PON1,0.287749509601384,0.389776985083633,-0.102027475482249,hypo,TRUE,7,0,0.162162162162162,3,57.1428571428572,unconfirmed
5909,0.000577119571077346,0.0228932442435823,0.0036325778048871,0.0697431736447835,200765,chr2,232543883,232550557,gene_body,"",TIGD1,0.361978097912693,0.470363687545763,-0.10838558963307,hypo,TRUE,15,0,0.0731181916919639,7,53.3333333333333,unconfirmed
16058,0.000595773225692603,0.0233170786051164,0.00730764665872177,0.102964985946934,441389,chr9,22640681,22824213,gene_body,"",LINC01239,0.405311641026114,0.522938794541885,-0.117627153515771,hypo,TRUE,16,1,0.0333092169852268,6,62.5,unconfirmed
69721,0.000598932200947033,0.023340805878995,0.000392400497834502,0.0198501463455036,6758,chrX,48194796,48198795,promoter_TSS2kb,"",SSX5,0.693015838911955,0.833250149886752,-0.140234310974797,hypo,TRUE,4,0,0.074959876575168,1,75,direction_consistent
22933,0.000616594870589456,0.0237008311055584,0.0112373142089362,0.13119294830048,83446,chr13,51861969,51866232,gene_body,"",CCDC70,0.365733620734778,0.4935977146885,-0.127864093953722,hypo,TRUE,12,0,0.069599469384307,4,66.6666666666667,unconfirmed
86046,0.000620346430921314,0.0238082450637386,0.00371586062018325,0.0703441962339688,,chr19,36526601,36529800,regbuild_promoter,ENSR00000109140,"",0.584648724958402,0.476502727877665,0.108145997080737,hyper,TRUE,70,2,0.00232076680480429,17,24.2857142857143,unconfirmed
10016,0.000668098448503609,0.024887749522612,0.000479172830048266,0.0219065838577316,101927460,chr5,125358095,125602227,gene_body,"",LINC02240,0.752485300642685,0.862851090975528,-0.110365790332844,hypo,TRUE,11,0,0.0574162679425837,4,63.6363636363636,unconfirmed
31606,0.000715733115734781,0.0259052181839524,0.00192165178661984,0.0484706844440234,124904871,chr20,12506863,12606143,gene_body,"",LOC124904871,0.503949307337634,0.674756991640961,-0.170807684303327,hypo,TRUE,13,1,0.0213300601350236,3,76.9230769230769,direction_consistent
13180,0.000731069411311532,0.0262121659060553,0.00066075595945736,0.0260977197205113,105375230,chr7,35352291,35387339,gene_body,"",LOC105375230,0.580200414922299,0.393618673047369,0.18658174187493,hyper,TRUE,4,0,0.0948991160539412,3,75,direction_consistent
19690,0.000740834977514409,0.026370120163126,0.000429215232133906,0.0206690163266168,8726,chr11,86201212,86279807,gene_body,"",EED,0.554963305122791,0.454515150135905,0.100448154986886,hyper,TRUE,87,0,0.107871028923661,28,32.183908045977,unconfirmed
38071,0.000767857854017088,0.0268742900983933,0.00786636698192766,0.107553086354027,962,chr1,160709832,160713831,promoter_TSS2kb,"",CD48,0.334088152344731,0.220512399671407,0.113575752673324,hyper,TRUE,2,1,0.00911150058439092,2,100,direction_consistent
40427,0.000776288986762432,0.0269212063033602,0.00686075251428852,0.0989503765462905,150759,chr2,95831964,95835963,promoter_TSS2kb,"",LINC00342,0.527711792963545,0.628048217608588,-0.100336424645044,hypo,TRUE,23,0,0.0564474418132955,9,60.8695652173913,unconfirmed
88335,0.000787076096685881,0.0270804526436401,0.00371469112975165,0.0703441962339688,,chr16,87778600,87779201,regbuild_promoter,ENSR00000545555,"",0.666604800017977,0.556919676962668,0.109685123055309,hyper,TRUE,24,0,0.0779952793046932,16,66.6666666666667,unconfirmed
3260,0.000802515340088897,0.0273543299612407,0.000285842493211656,0.0162461590469668,643723,chr1,218894466,219173961,gene_body,"",LYPLAL1-DT,0.529706025297857,0.390732110922697,0.138973914375161,hyper,TRUE,48,3,0.00183555843806214,3,6.25,unconfirmed
31974,0.000804970261384603,0.0274167150543329,0.00140119732194816,0.0409355627934162,101928158,chr20,62352970,62356482,gene_body,"",LAMA5-AS1,0.531924242088419,0.650443144954247,-0.118518902865828,hypo,TRUE,32,0,0.119762699295513,11,65.625,unconfirmed
99952,0.000841054448693642,0.0280535571422902,0.000251773436960173,0.0152422817773359,,chr17,795000,795601,regbuild_promoter,ENSR00000546692,"",0.270559148631244,0.395116902187442,-0.124557753556198,hypo,TRUE,19,1,0.0217666114493559,5,73.6842105263158,direction_consistent
105240,0.000853598667583861,0.028278548612511,0.00263786685249356,0.0578045069507594,,chr1,160705200,160713401,regbuild_promoter,ENSR00000014588,"",0.343738094416548,0.221776617479742,0.121961476936806,hyper,TRUE,2,1,0.00911150058439092,2,100,direction_consistent
31435,0.00092102358239497,0.0296136408813307,0.000609936553416298,0.0250355235264088,105372460,chr19,54514203,54527171,gene_body,"",LOC105372460,0.576250334080058,0.746033315642691,-0.169782981562633,hypo,TRUE,1,0,0.741106719367589,0,100,direction_consistent
28364,0.000940629024193399,0.0299612293282072,0.000683640084425991,0.0266227492984151,645832,chr17,28363506,28368012,gene_body,"",SEBOX,0.657813994356177,0.797790922411632,-0.139976928055455,hypo,TRUE,2,0,0.558024213699602,0,100,direction_consistent
24986,0.000966136001869039,0.0304353644550889,0.000134857123014642,0.0104166091175027,55142,chr15,42548828,42569994,gene_body,"",HAUS2,0.517435534925376,0.4156654360362,0.101770098889175,hyper,TRUE,29,0,0.0863997267992829,7,24.1379310344828,unconfirmed
50400,0.00097484878500649,0.0306438499895379,0.000560500806656256,0.0239064215774296,124902071,chr8,134754512,134758511,promoter_TSS2kb,"",LOC124902071,0.603581034104215,0.727999301046176,-0.124418266941961,hypo,TRUE,2,1,0.0058248907286912,0,100,direction_consistent
62596,0.00112746924019942,0.033075239904543,0.00172903723282307,0.0457747432162655,7314,chr17,16378798,16382797,promoter_TSS2kb,"",UBB,0.399630770366787,0.292538647712918,0.107092122653869,hyper,TRUE,59,0,0.0858909993090019,24,40.6779661016949,unconfirmed
105900,0.00115503217206266,0.0334739672432803,0.000166615425372033,0.0117041133095073,,chr11,65870200,65871201,regbuild_promoter,ENSR00000040899,"",0.391150359515402,0.52248753663665,-0.131337177121248,hypo,TRUE,16,1,0.0145989324323157,9,43.75,unconfirmed
60662,0.00116024770582975,0.0335598707873475,0.000429215232133906,0.0206690163266168,80237,chr15,43797134,43801133,promoter_TSS2kb,"",ELL3,0.411133213977522,0.307470101663292,0.10366311231423,hyper,TRUE,34,1,0.0286319600733524,15,44.1176470588235,unconfirmed
63444,0.0011774940061194,0.0338433522827591,0.0020002402990716,0.0494302626339491,124903937,chr17,16378675,16382674,promoter_TSS2kb,"",LOC124903937,0.399630770366787,0.293092357568954,0.106538412797834,hyper,TRUE,59,0,0.0858909993090019,24,40.6779661016949,unconfirmed
9563,0.00119465679261379,0.0341088036948141,0.000395207269422926,0.0199479326048866,124901166,chr5,2266857,2278497,gene_body,"",LOC124901166,0.549586873862934,0.656446490865839,-0.106859617002904,hypo,TRUE,18,3,0.0257040800548582,5,72.2222222222222,site_confirmed
29437,0.00120308530595923,0.0342292041852608,0.00192741107677349,0.0485475174367831,105372038,chr18,27305110,27392867,gene_body,"",LOC105372038,0.399635846365762,0.518203996505014,-0.118568150139252,hypo,TRUE,6,0,0.163594724948554,1,83.3333333333333,direction_consistent
105675,0.00121262265011955,0.0344469598489106,0.0064960670471701,0.095961324508475,,chr12,10153200,10154601,regbuild_promoter,ENSR00000450352,"",0.254358916342822,0.148060800009369,0.106298116333453,hyper,TRUE,13,0,0.341880341880342,5,38.4615384615385,unconfirmed
55768,0.0012275387824639,0.034695520424911,0.0876617446114845,0.384636872103705,51287,chr11,73874902,73878901,promoter_TSS2kb,"",COA4,0.220491214626509,0.104103116571633,0.116388098054877,hyper,TRUE,7,0,0.609161976235147,3,42.8571428571429,unconfirmed
63007,0.00125754298035649,0.0352035032250734,0.0116678775005183,0.134026680811544,55181,chr17,59195566,59199565,promoter_TSS2kb,"",SMG8,0.268555152831448,0.376193156730741,-0.107638003899293,hypo,TRUE,6,0,0.388203551898427,3,50,unconfirmed
12522,0.00131001621632384,0.0361740529224825,0.00309118146244672,0.0632267166871423,100873951,chr6,53978549,54079726,gene_body,"",MLIP-AS1,0.471301414117776,0.608522359742145,-0.137220945624369,hypo,TRUE,20,0,0.215572858731924,6,70,direction_consistent
61706,0.00134625229971474,0.0366080532414623,0.000755902570335829,0.0283387158065238,400548,chr16,85128343,85132342,promoter_TSS2kb,"",LINC02139,0.514534792787698,0.671726451033985,-0.157191658246287,hypo,TRUE,11,1,0.0120723362658847,7,36.3636363636364,unconfirmed
81229,0.00135262914456903,0.0367132158318868,0.101353604291829,0.412474321060348,,chr11,73875200,73878401,regbuild_promoter,ENSR00000041920,"",0.21945781515561,0.104103116571633,0.115354698583977,hyper,TRUE,7,0,0.609161976235147,3,42.8571428571429,unconfirmed
258,0.00138262182240743,0.0372508364881984,0.00715828829916555,0.101461324358077,105376879,chr1,25041136,25047404,gene_body,"",LINC02793,0.47994725889487,0.592121152192408,-0.112173893297538,hypo,TRUE,9,0,0.142890839010711,2,77.7777777777778,direction_consistent
71018,0.00140285407459891,0.037560750310674,0.000505815737773085,0.0226040009651406,,chr14,101808600,101813001,regbuild_promoter,ENSR00000073288,"",0.554593827101284,0.412131736261317,0.142462090839967,hyper,TRUE,11,1,0.0391406642605875,6,54.5454545454546,unconfirmed
33406,0.00143877408096439,0.038106815173353,0.0039723387143964,0.0733450212009205,728233,chr22,18533646,18577968,gene_body,"",PI4KAP1,0.737895197732891,0.60323141285072,0.134663784882171,hyper,TRUE,23,1,0.0177811550151976,7,30.4347826086957,unconfirmed
91132,0.00153945085696559,0.0395117792907896,0.000995633953341814,0.0334690406337532,,chr3,185281800,185284601,regbuild_promoter,ENSR00000163037,"",0.534726000748773,0.423235882913885,0.111490117834887,hyper,TRUE,21,1,0.0167226418418394,8,38.0952380952381,unconfirmed
84604,0.0015710937432329,0.0400105507158469,1.90156710134235e-05,0.0036993571896008,,chr17,39449600,39452401,regbuild_promoter,ENSR00000093929,"",0.249477207970803,0.388712647884473,-0.13923543991367,hypo,TRUE,25,2,0.0232504068821204,12,52,unconfirmed
63782,0.00164607940000828,0.0410107002560646,0.00361423078388511,0.0697004359028812,79170,chr17,47955884,47959883,promoter_TSS2kb,"",PRR15L,0.54591473104599,0.678375096687359,-0.132460365641369,hypo,TRUE,3,0,0.407804004526226,0,100,direction_consistent
47283,0.00166736761068277,0.041400069920646,0.00150978359414977,0.0425068510384652,107986676,chr6,170436362,170440361,promoter_TSS2kb,"",LOC107986676,0.604340909200649,0.476700424979349,0.1276404842213,hyper,TRUE,14,0,0.0603341776903182,5,35.7142857142857,unconfirmed
30451,0.00167842244676523,0.041524478024045,0.0179637662202035,0.170186966905252,646508,chr19,53277462,53284947,gene_body,"",FAM90A27P,0.717440985884287,0.849339090776493,-0.131898104892206,hypo,TRUE,5,1,0.0496139027260563,1,80,direction_consistent
59865,0.00168245649773091,0.0415911716683965,0.000479052987367057,0.0219065838577316,124903388,chr14,101808322,101812321,promoter_TSS2kb,"",LOC124903388,0.546586463933504,0.407605869493174,0.13898059444033,hyper,TRUE,13,1,0.0391406642605875,8,61.5384615384615,unconfirmed
32352,0.00172596025432487,0.0420835135611185,0.00684700934295945,0.0989503765462905,128497,chr20,45886491,45887622,gene_body,"",SPATA25,0.39857229677763,0.573711216826639,-0.175138920049009,hypo,TRUE,12,0,0.508695994430026,7,41.6666666666667,unconfirmed
12122,0.00182722590823795,0.0436112635555318,0.00154661338596895,0.0431780519747021,107986676,chr6,170438362,170441020,gene_body,"",LOC107986676,0.605342792462567,0.479644255782291,0.125698536680276,hyper,TRUE,14,0,0.0603341776903182,5,35.7142857142857,unconfirmed
59878,0.00185292169135947,0.044005686973884,0.0101614058415934,0.124482067337154,112268130,chr14,103511443,103515442,promoter_TSS2kb,"",LOC112268130,0.509164865432519,0.676217745448752,-0.167052880016234,hypo,TRUE,12,0,0.0741228995786527,4,66.6666666666667,unconfirmed
13179,0.00188862914539656,0.0445787172402284,0.00120139960324916,0.0374448837629821,401324,chr7,35313775,35377073,gene_body,"",LOC401324,0.587801865541741,0.432454431118491,0.15534743442325,hyper,TRUE,3,0,0.0948991160539412,3,100,direction_consistent
31006,0.00195487045518059,0.0454435650575224,0.00603734765970621,0.0926358729254222,104472717,chr19,23399092,23416186,gene_body,"",LINC01224,0.233080516019533,0.110105726691482,0.122974789328051,hyper,TRUE,12,0,0.162946497483869,10,83.3333333333333,direction_consistent
43097,0.00209767627852419,0.0474461423690437,0.0238598484658001,0.198419758478439,105374295,chr3,195013194,195017193,promoter_TSS2kb,"",LOC105374295,0.222687836929081,0.323045204387116,-0.100357367458035,hypo,TRUE,1,0,0.692295425939518,0,100,direction_consistent
1673,0.00216481620051032,0.0482633268622154,0.00565574638827959,0.0896263184115751,107985364,chr1,234751467,234775831,gene_body,"",LOC107985364,0.498243877772843,0.37044560557719,0.127798272195652,hyper,TRUE,14,1,0.0463768115942029,8,57.1428571428572,unconfirmed
105197,0.00220329440798049,0.0486614068100716,0.00170441023082401,0.0457747432162655,,chr2,28956400,28957201,regbuild_promoter,ENSR00000601002,"",0.25962925453974,0.479257639467036,-0.219628384927296,hypo,TRUE,11,0,0.134286017167267,2,81.8181818181818,direction_consistent
58104,0.00223225507117964,0.0490051002240841,0.0185211995356474,0.172518617551705,10562,chr13,53026813,53030812,promoter_TSS2kb,"",OLFM4,0.395499580386301,0.502782880399224,-0.107283300012923,hypo,TRUE,10,0,0.096356314022978,1,90,direction_consistent
52552,0.00225473125670243,0.0493947535086161,0.00630299501182339,0.0946864321938323,107987137,chr9,134215920,134219919,promoter_TSS2kb,"",LOC107987137,0.419767693850866,0.559690539470486,-0.13992284561962,hypo,TRUE,32,0,0.0506595037817205,9,71.875,direction_consistent
16641,0.00226747751689946,0.0495552570678702,0.00657767585841,0.0968096244851055,101928384,chr9,134216220,134220291,gene_body,"",LOC101928384,0.417741094565246,0.559204347799786,-0.14146325323454,hypo,TRUE,32,0,0.0506595037817205,9,71.875,direction_consistent
