region_id,n_cpg,pooled_z,delta_57767,delta_73375,delta_75196,delta_beta,direction,beta_pe,beta_ctrl,symbol,delta_tissue_mean
547,2,-0.5039754280080958,-0.018035773847926234,0.0021742154798760904,-0.016180857593750084,-0.224723600994815,hypo,0.579958825953237,0.804682426948052,LOC105378724,-0.010680805320600076
612,10,0.8108828271294216,0.012815123225806408,-0.0030462957585139063,0.03840453364375003,-0.103070374147653,hypo,0.469657741345087,0.57272811549274,UBE2U,0.016057787037014177
1211,14,0.024678640811764557,-0.0034693949917708965,0.004471396974789953,7.896566964285831e-06,0.110122641681297,hyper,0.375040511200763,0.264917869519466,NIT1,0.00033663284999444734
1293,11,-0.02323919891767555,-0.0021746359272447405,-0.007160586473402747,0.0019128326420454528,0.100878884628961,hyper,0.282166823018323,0.181287938389362,METTL13,-0.0024741299195340117
1673,8,-0.11803220455647934,-0.0023350456221197602,-0.014331711981424166,-0.00026735658593745985,0.127798272195652,hyper,0.498243877772843,0.37044560557719,LOC107985364,-0.00564470472982713
1769,5,-0.008188322546336746,0.0020626318894008343,-0.009911573513931926,-0.0012678488625000317,0.20832985692703,hyper,0.608629761903171,0.400299904976142,OR4F16,-0.003038930162343708
2387,10,-0.29826402353060344,-0.008403946785005353,-0.006202939934055716,-0.00973653369999999,0.112358359016758,hyper,0.4855926139827,0.373234254965942,FUBP1,-0.008114473473020354
2476,15,-0.011999448814642306,-0.0017942944337469052,-0.00578318572831531,0.0013373199458333433,0.106410770875504,hyper,0.371222464835063,0.264811693959559,ALG14,-0.002080053405409624
2482,2,-0.4315585190465698,-0.021997884216589936,-0.041183197987616216,0.021385768562500018,-0.15045478074135,hypo,0.456382509382742,0.606837290124092,LINC01787,-0.013931771213902044
2861,2,-0.29950048308598265,-0.01156416187788021,-0.022440537058823505,0.004647754468749994,0.116637747931916,hyper,0.423024602884616,0.306386854952701,LOC105371456,-0.009785648155984573
2887,5,0.41069132634409,-0.021251315078341094,0.08959881204334366,0.0003054296375000709,-0.149080175532624,hypo,0.576555015939039,0.725635191471663,LOC124904433,0.022884308867500883
2925,2,-0.2917605500678819,-0.008739679377880283,-0.014207658204334339,-0.003852950093750085,0.139463253642678,hyper,0.609030507689132,0.469567254046454,B4GALT3,-0.008933429225321568
3260,11,-0.436859204981765,-0.013456590038542106,0.00965120709717138,-0.02240434205681818,0.138973914375161,hyper,0.529706025297857,0.390732110922697,LYPLAL1-DT,-0.0087365749993963
3554,5,0.28288665852905515,0.008584693548387024,-0.04383326829721359,0.031478836975000014,-0.178437896759777,hypo,0.391104812306524,0.569542709066301,LOC124907734,-0.0012565792579421822
5447,12,0.0009097601412131248,-0.0009638806393369481,-0.0014820459099587214,-0.0015564899843750124,0.1128286524489,hyper,0.372992467701329,0.260163815252429,MAP3K2,-0.0013341388445568942
5890,1,0.12960254372180538,-0.003521754608294847,0.014721236532507731,0.0013170620625000407,-0.105760250499749,hypo,0.444735591518383,0.550495842018131,LOC112268431,0.004172181328904308
5909,10,-0.02246461065107646,-0.0052924342626728006,-0.003589181687925667,0.004152106856250016,-0.10838558963307,hypo,0.361978097912693,0.470363687545763,TIGD1,-0.0015765030314494836
6569,8,0.2586318960080069,0.0007196852707373554,0.013957652196981404,0.0051200215078125045,0.101570779316303,hyper,0.505689363494377,0.404118584178074,LOC107984000,0.006599119658510421
6660,10,0.12754978113024823,-0.0010683179069124267,0.00027239998123494496,0.006636607924999991,0.117265139826185,hyper,0.420460690801954,0.303195550975769,LOC124909487,0.0019468966664408364
8537,6,0.10758638029768752,0.001026463549923192,0.0005401064561403477,0.0020836781354166625,0.104149988050369,hyper,0.679668996235366,0.575519008184997,EXOSC9,0.0012167493804934007
8983,4,0.31625719901062704,0.0006182330817972662,0.026910880054179524,0.0014194941406250397,-0.117004035742952,hypo,0.47403640625253,0.591040441995482,TXK,0.009649535758867277
9733,7,0.0038136439328143273,3.964055611146976e-05,-0.007744133621848718,0.0011066188125000143,0.11242712961346,hyper,0.495155518282738,0.382728388669278,MOCS2-DT,-0.0021992914177457446
10016,10,-0.5975388986305628,0.0025795747926267293,-0.05235604043343658,-0.018275313956249983,-0.110365790332844,hypo,0.752485300642685,0.862851090975528,LINC02240,-0.022683926532353276
10080,1,1.0097466473328252,-0.012308740552995578,0.06885488947368418,0.04371092068750004,-0.11556077052412,hypo,0.693448231371251,0.80900900189537,LOC107986453,0.03341902320272955
11016,9,-0.1621585436939551,-0.0013024118996415339,-0.01834213585655312,-0.002425771930555581,0.112140562146512,hyper,0.378775466449254,0.266634904302742,HDAC3,-0.0073567732289167445
12122,1,0.19856034855347496,0.0005551598095238502,0.0098182457275542,0.0035768341874999957,0.125698536680276,hyper,0.605342792462567,0.479644255782291,LOC107986676,0.004650079908192682
12268,41,-0.029832788910920578,-0.005111597963704265,0.00042158242188744635,0.0008901210198171109,-0.118554151372849,hypo,0.50801333147187,0.626567482844719,SLC17A1,-0.0012666315073332358
12522,9,-0.6021086320519967,-0.013155241472094239,-0.0395169328310973,-0.004384194854166702,-0.137220945624369,hypo,0.471301414117776,0.608522359742145,MLIP-AS1,-0.019018789719119415
13097,11,-0.45219680605973944,-0.014397289678047752,-0.013981454656065317,-0.007594875926136373,0.114866127488091,hyper,0.527439735409744,0.412573607921652,LOC124901600,-0.011991206753416481
13180,1,-0.9322349119781252,-0.020486416820276576,0.02101491857585136,-0.05523655637500008,0.18658174187493,hyper,0.580200414922299,0.393618673047369,LOC105375230,-0.018236018206475097
13497,4,-0.7523538770673834,-0.012801123754874189,-0.02965083854489156,-0.021805042156250024,-0.131901236749955,hypo,0.697765342854638,0.829666579604593,SPDYE3,-0.021419001485338592
13934,11,-0.16235576102497726,-6.512270904902893e-05,-0.01485761522150298,-0.006332915028409075,0.1040738291932,hyper,0.567091907208083,0.463018078014883,ANKMY2,-0.007085217652987028
14324,9,-0.6332347071195202,-0.012509015603345282,-0.009361731028551824,-0.02615576300000004,-0.102027475482249,hypo,0.287749509601384,0.389776985083633,PON1,-0.016008836543965715
16058,1,0.03403809417471393,0.0012305362672811043,-0.005959991919504644,0.0005076660000000038,-0.117627153515771,hypo,0.405311641026114,0.522938794541885,LINC01239,-0.0014072632174078452
16074,9,0.15897114849766047,0.002297813356374809,0.005826211176857662,0.0007347528472221895,0.118950376760145,hyper,0.428390628481123,0.309440251720978,TZMP1,0.002952925793484887
16641,3,0.13902835519503398,0.00020603540706605936,0.0444576501547988,-0.02161006666666665,-0.14146325323454,hypo,0.417741094565246,0.559204347799786,LOC101928384,0.007684539631732737
18201,9,-0.15315197568991018,-0.005952474393241188,-0.012674449314585464,0.0012694072777777801,0.145349383002927,hyper,0.45966651429358,0.314317131290654,BCCIP,-0.005785838810016291
18867,6,0.23320632296392874,0.0012601915552995443,0.005469422343653251,0.007767057572916667,0.119359869039061,hyper,0.531278939142989,0.411919070103928,LOC124902508,0.004832223823956487
19524,10,0.07621004716093824,0.0011896195828784114,-0.007796041341485991,0.004738974212500009,0.111814569907882,hyper,0.511109199036491,0.39929462912861,SF3B2,-0.0006224825153691901
19690,20,0.13285879081287139,0.002932706301880927,-0.004447550811919498,0.004301831687500015,0.100448154986886,hyper,0.554963305122791,0.454515150135905,EED,0.0009289957258204813
20971,32,-0.017537796588180745,-0.0018151672600384434,0.0003099458120162463,-0.0027945154589843757,0.10931009469254,hyper,0.571595455608356,0.462285360915815,CCDC77,-0.0014332456356688575
21206,10,-0.10161483946648542,0.00035061204085427253,-0.00024387126253871475,-0.011562028112500001,0.108547590234758,hyper,0.475445884357903,0.366898294123145,IRAK4,-0.0038184291113948147
21412,15,0.48213070224711874,0.0009489614159754199,0.05573908760538928,-0.00488725821666667,0.104738715733098,hyper,0.542371295331889,0.437632579598791,SLC16A7,0.017266930268232675
22142,6,-0.11261884345359119,-0.0016590406029186055,-0.007157008751290023,-0.005258362062499976,0.118732158788129,hyper,0.407620190183241,0.288888031395113,LMBR1L,-0.004691470472236201
22275,5,-0.6759400713993012,-0.01721504990783409,-0.02816028173374613,-0.011003935374999996,-0.156083785515757,hypo,0.62267768577298,0.778761471288737,MYO1A,-0.018793089005526738
22387,1,-0.2897669901077504,-0.005564045809523799,0.007484013126934974,-0.021571764375000024,-0.117750308522635,hypo,0.304127246859987,0.421877555382621,LINC02424,-0.006550599019196283
22933,3,-0.5251490157158097,-0.011736519585253383,-0.04110775614035087,0.0001489899374999363,-0.127864093953722,hypo,0.365733620734778,0.4935977146885,CCDC70,-0.01756509526270144
23757,10,-0.06553962184608335,-0.005804100525345589,0.0014066999521091554,-0.0013174266875000348,0.125352491048025,hyper,0.371667158996306,0.246314667948281,LOC105370460,-0.0019049424202454892
23893,28,-0.27646779378881836,-0.010933621442502655,0.004569886392414866,-0.011255883591517852,0.110396742887594,hyper,0.447430517524283,0.337033774636689,SRSF5,-0.005873206213868547
24387,10,0.028542219822701997,-0.0012363686337019696,0.00033109972383901337,-0.00030041724375001364,0.123618754568099,hyper,0.512935543493713,0.389316788925614,FKBP3,-0.0004018953845376567
24986,10,0.044650677806418945,-0.002016084780568379,0.002035372175232215,0.0009060740937500124,0.101770098889175,hyper,0.517435534925376,0.4156654360362,HAUS2,0.0003084538294712828
25460,11,0.03479155742587556,-0.002224521422915776,-0.0007651610591049674,0.002217806653409112,0.113009761526867,hyper,0.409115639692107,0.296105878165241,RAD51-AS1,-0.0002572919428705437
26198,9,0.2582057377666292,0.009028158431210338,-0.004784336058135533,0.004966205923611133,0.129729790928752,hyper,0.39899224984504,0.269262458916287,YPEL3-DT,0.003070009432228646
26358,7,-0.035996680553865026,-0.004254325447662929,-0.007548363202123042,0.004159847580357123,0.21556026233436,hyper,0.510639742228547,0.295079479894187,POLR2C,-0.002547613689809616
27285,15,0.021819317725839872,-7.249046494622012e-05,-0.0033126451312693356,-0.0001735932416666447,0.101857145051074,hyper,0.40434065627762,0.302483511226546,SRR,-0.0011862429459607335
27412,14,0.6944522760258897,-0.012355227876526915,0.062443457774491395,0.02500568749553574,-0.11366139903645,hypo,0.401974449916305,0.515635848952755,LINC00670,0.025031305797833404
27720,12,0.009839778118659926,-0.00028945815656388217,-0.0025842182719298256,-0.0011815276979166695,0.119824459194859,hyper,0.499687950950878,0.37986349175602,TMUB2,-0.0013517347088034591
27908,9,-0.09904445136041735,-0.00820722888179922,0.006079364162366661,-0.0032351729305555685,0.111840295538629,hyper,0.384691095521113,0.272850799982484,NOL11,-0.001787679216662709
28364,8,-0.018798138092448357,-0.002962790929634855,0.011581991640866818,-0.008229512312499979,-0.139976928055455,hypo,0.657813994356177,0.797790922411632,SEBOX,0.00012989613291066135
30739,5,0.08487988855364609,-0.00040571379216590637,0.0010782216637771093,0.002130420975000011,0.106874320749611,hyper,0.521571000457406,0.414696679707795,LOC105372255,0.0009343096155370713
30748,4,-0.4637136822736631,-0.011303879032258074,-0.014957893653250745,-0.012176379359375086,-0.108087854197687,hypo,0.346856739514415,0.454944593712102,SLC25A41,-0.012812717348294636
31006,1,0.6359982323340548,0.0011171007373272368,-0.025641717213622267,0.0562135385625,0.122974789328051,hyper,0.233080516019533,0.110105726691482,LINC01224,0.01056297402873499
31435,4,0.29179575085135534,-0.01623045011520738,0.053559419582043286,0.006918382624999955,-0.169782981562633,hypo,0.576250334080058,0.746033315642691,LOC105372460,0.014749117363945288
31774,3,-1.0865536312419888,-0.02447432995391713,-0.025365992156862766,-0.032111942166666706,-0.103987066223274,hypo,0.658759800440773,0.762746866664047,LBP,-0.02731742142581553
31975,3,0.0786345678892253,-0.0010288263087557808,0.0024889099133126803,0.0016862926666666746,0.134947340294067,hyper,0.35707702869749,0.222129688403423,RPS21,0.001048792090407858
32352,2,-0.4500292490380623,-0.0060471804147465,-0.015472700773993764,-0.018271106718750096,-0.175138920049009,hypo,0.39857229677763,0.573711216826639,SPATA25,-0.01326366263583012
33406,5,-0.41297197287924226,-0.006005547972350267,-0.02837181152390784,-0.007694251549999964,0.134663784882171,hyper,0.737895197732891,0.60323141285072,PI4KAP1,-0.014023870348752689
35264,12,0.15280898468692555,-0.0001544501624092916,0.01275293746775026,-0.000534418244791665,0.10136539684009,hyper,0.392252428762267,0.290887031922178,UBE4B,0.004021356353516434
36931,8,0.30415236722310524,0.008887996025345629,-0.005262629442724475,0.008771026156249988,0.20962834769094,hyper,0.568884477004213,0.359256129313273,LOC101928626,0.004132130912957047
37915,9,-0.21622205112358572,-0.009049143343574033,-0.017137968421052672,0.0038373097430555664,-0.111594476680604,hypo,0.305609133373778,0.417203610054382,THEM5,-0.0074499340071903794
38022,3,0.5309577966514181,0.004729996927803404,0.014023025902992777,0.01906655543750004,0.116509212285689,hyper,0.417767370581633,0.301258158295944,LOC105371456,0.012606526089432074
38071,6,-0.39807702633697367,-0.008455350268817108,-0.05452803988648095,0.012976852697916616,0.113575752673324,hyper,0.334088152344731,0.220512399671407,CD48,-0.016668845819127146
38086,10,0.18872525134325638,0.00537838855760367,-0.002641167953869969,0.003771470256250003,0.127971940547265,hyper,0.537326581402535,0.40935464085527,B4GALT3,0.002169563619994568
41613,17,0.08743781883050676,0.0005104857552634,0.0021945248985612816,0.0003360046654411771,0.113883083878928,hyper,0.470026946912275,0.356143863033347,LOC105374010,0.0010136717730886197
42116,9,-0.0028931148075432536,-0.002066902008173521,0.0002943046341588815,-0.001374813541666663,0.103899815540066,hyper,0.433030167086618,0.329130351546552,TMEM44-AS1,-0.0010491369718937675
46471,14,0.09362372711755472,0.0008109070344524916,0.007001542156125604,-0.002608821977678575,0.107614197194624,hyper,0.354595643320575,0.246981446125951,LOC105374911,0.0017345424042998403
47283,1,-0.2033064897390046,0.0007391036866362111,-0.02003603498452,-0.0072197772499998925,0.1276404842213,hyper,0.604340909200649,0.476700424979349,LOC107986676,-0.008838902849294561
49802,6,-0.5906509501499086,-0.011604517703533046,-0.010189499329205301,-0.023848010135416747,-0.114262538590628,hypo,0.439082177674522,0.55334471626515,MIR3907,-0.015214009056051697
51775,7,0.1399640544305562,-0.0001590570153390278,-0.003676797747899158,0.008689981785714295,0.111460880115084,hyper,0.431055874473882,0.319594994358798,NUP214,0.0016180423408253698
52982,1,-0.6873065671078447,-0.01662528755760373,-0.008540218092105367,-0.02476708256249993,0.100818885224743,hyper,0.328341145913296,0.227522260688553,HNRNPH3,-0.016644196070736344
56107,11,0.06583295403107879,0.000535631701057002,-0.002596536495918934,0.0017011957499999896,0.101583997421935,hyper,0.359982342292133,0.258398344870198,NFRKB,-0.00011990301495398081
57400,6,0.6663191533500189,0.0018088789093701912,0.014949066716718279,0.03236444829166666,0.14479742803152,hyper,0.51469690351051,0.36989947547899,LOC124902940,0.016374131305918378
58104,6,0.9281860290225789,0.008947144681259586,0.05604109647058823,0.015823968062500002,-0.107283300012923,hypo,0.395499580386301,0.502782880399224,OLFM4,0.026937403071449272
58964,7,0.20470991408098968,0.0025129252606978275,0.0012406862494471506,0.0065603695357142906,0.102298982685001,hyper,0.435921742988045,0.333622760303043,PSMC6,0.0034379936819530893
59865,1,-2.098398379055409,-0.08031661963133674,-0.0215157027863776,-0.028830864500000053,0.13898059444033,hyper,0.546586463933504,0.407605869493174,LOC124903388,-0.04355439563923813
59878,1,0.31300660584784074,0.006982904608295204,-0.02421908482972146,0.02379474112500002,-0.167052880016234,hypo,0.509164865432519,0.676217745448752,LOC112268130,0.0021861869678579207
60662,12,-0.14092680313255687,-0.004627723152413411,-0.006376156268317844,-0.0036025818906249784,0.10366311231423,hyper,0.411133213977522,0.307470101663292,ELL3,-0.004868820437118744
61706,1,-0.8359877223871798,-0.023473040092165887,0.05101818346749226,-0.06261873062500006,-0.157191658246287,hypo,0.514534792787698,0.671726451033985,LINC02139,-0.011691195749891229
61757,4,-0.1365443213118967,0.00040594660138246197,-0.013975609442724357,-0.005679815984375003,-0.162507267434356,hypo,0.389530274135142,0.552037541569498,LOC100287036,-0.006416492941905633
62596,18,-0.04851870763333716,-0.002397068975422438,0.0013442376981424161,-0.004847414756944426,0.107092122653869,hyper,0.399630770366787,0.292538647712918,UBB,-0.001966748678074816
62784,13,0.14117927321035262,0.0024976848571428498,-0.003916860905929968,0.00518630522596154,0.10819391485631,hyper,0.467482329960914,0.359288415104605,MIR4727,0.0012557097257248073
63782,9,-0.3703887550801341,-0.01124915816889206,-0.003390414000687995,-0.012667614430555564,-0.132460365641369,hypo,0.54591473104599,0.678375096687359,PRR15L,-0.00910239553337854
63788,4,-0.6794063311920695,0.0038178444124423727,-0.06921924775541802,-0.015508434984374986,0.143881019503913,hyper,0.467144675053844,0.323263655549931,MIR1203,-0.026969946109116877
66533,6,0.17032921692697808,-0.0100237415514594,0.06632435041279665,-0.018455433020833318,-0.160263715043127,hypo,0.547186677701384,0.70745039274451,KLK14,0.012615058613501309
66708,13,-0.026973585777345585,-0.0032092797606640662,-0.004824801578709211,0.0016578008942307702,0.111985801401688,hyper,0.482599612983733,0.370613811582045,IDH3B-DT,-0.0021254268150475027
66761,18,0.07249494606807715,-0.0001762706861239198,0.002841462197798405,-0.00017398877777777844,0.113342164148886,hyper,0.555512821450517,0.442170657301631,SLX4IP,0.0008304009112989024
67054,6,-0.4210823269675454,-0.00621460222734251,-0.017944729566563494,-0.014422450760416686,-0.121060043642021,hypo,0.729006491075249,0.85006653471727,MIR645,-0.012860594184774228
69721,6,0.9304676406896899,0.028039150768049203,0.036279403250774,0.0013165645312499437,-0.140234310974797,hypo,0.693015838911955,0.833250149886752,SSX5,0.02187837285002438
70418,13,0.18969910978461463,0.002121259144629572,0.0018379343000714465,0.005660803211538464,0.189353467307625,hyper,0.586329276992639,0.396975809685014,,0.003206665552079827
71018,7,0.1665134008190036,0.004494482462146147,-0.001677454246793451,0.002819382875000002,0.142462090839967,hyper,0.554593827101284,0.412131736261317,,0.0018788036967842328
73693,9,0.2074702769970547,0.001713490303792973,0.0036379672741658022,0.006404498993055553,0.103413308505491,hyper,0.274906332652344,0.171493024146853,,0.003918652190338109
81182,15,0.21491527925120926,0.0013630336757808512,0.002130536469212249,0.008365188054166667,0.120998269888619,hyper,0.257219181834817,0.136220911946198,,0.003952919399719922
81213,5,-0.02233662476999345,0.008591908525345665,-0.015590766048916443,-0.007971673162500015,0.120930927427941,hyper,0.245429635046098,0.124498707618157,,-0.004990176895356931
81229,14,-0.16208994841823937,0.00032962819947333737,-0.01833572186222911,-0.004721965424107148,0.115354698583977,hyper,0.21945781515561,0.104103116571633,,-0.007576019695620974
83412,9,-0.4223153089289686,-0.005697655241508793,-0.041082471069831476,-0.0009534811458332929,-0.147912625439852,hypo,0.479825005437397,0.627737630877249,,-0.015911202485724522
84604,10,0.1560831241506964,0.0004345959883998218,0.0016665708758514034,0.005717336224999994,-0.13923543991367,hypo,0.249477207970803,0.388712647884473,,0.002606167696417073
86046,12,-0.014273320625274033,-0.001322922025121541,-0.00790070483281735,0.001817297567708318,0.108145997080737,hyper,0.584648724958402,0.476502727877665,,-0.0024687764300768576
88335,1,-0.1929002858895209,-0.010782087788018438,0.014331910061919528,-0.011472079562499987,0.109685123055309,hyper,0.666604800017977,0.556919676962668,,-0.0026407524295329657
89338,6,-0.22597528539818168,-0.013815907734255055,0.02807889760577913,-0.018073691552083337,-0.139827166828499,hypo,0.281538249692124,0.421365416520623,,-0.0012702338935197538
89961,15,0.12034312702764034,0.0008271148168805462,0.006424624291228076,-0.00034927421250000035,0.105876279909758,hyper,0.38762292193565,0.281746642025892,,0.0023008216318695404
91132,7,-0.1958122383463647,-0.001118420291571726,0.019282888736842103,-0.028340881232142852,0.111490117834887,hyper,0.534726000748773,0.423235882913885,,-0.003392137595624159
93132,1,1.1069172813629988,0.01602971336405523,0.0477899653250774,0.02383372918750004,-0.136310236100049,hypo,0.234575080954579,0.370885317054628,,0.029217802625544225
95458,2,0.16283932931640732,0.009767029838709612,-0.03451237244582028,0.015405769156249943,-0.149866405898836,hypo,0.38123447875417,0.531100884653006,,-0.003113191150286909
97752,1,-0.4289687992693361,-0.0123895299539174,-0.038877480804953346,0.006624643250000006,0.197269388692065,hyper,0.44786595482051,0.250596566128445,,-0.01488078916962358
98401,14,0.0009071770797969321,-0.0028339835570550817,0.006845575844758956,-0.004065972821428564,0.102712554476292,hyper,0.317195776332167,0.214483221855875,,-1.812684457489667e-05
99751,6,0.1817576943931467,0.0008320492281105966,0.006114190701754387,0.004262739614583337,0.110757286098507,hyper,0.484109944967459,0.373352658868952,,0.0037363265148161067
99952,3,0.1876190850770052,0.010361330161290335,0.002902757471620212,-0.006744889520833343,-0.124557753556198,hypo,0.270559148631244,0.395116902187442,,0.002173066037359068
100469,1,-0.6863742359959519,0.010770880875576094,-0.1409386321981423,0.01848280474999975,0.134312645388964,hyper,0.284817668378476,0.150505022989511,,-0.037228315524188815
100550,10,-0.3574344502231735,-0.02652758729261138,0.016594289726625407,-0.002567364006249989,0.126938007165419,hyper,0.358971128691945,0.232033121526525,,-0.004166887190745321
102983,1,0.24653921688016586,-0.010372852741935501,0.05501147464396286,-0.005485476874999978,-0.100052677581304,hypo,0.509038101351409,0.609090778932713,,0.01305104834234246
104598,2,0.42432159890448595,0.010197698701465214,0.007958266733746125,0.007427674750000005,0.121873187372725,hyper,0.412445053540418,0.290571866167693,,0.008527880061737115
104782,22,0.05363565902599168,8.372914610390039e-05,-0.00333242399817056,0.0019123291420454476,0.100950206826913,hyper,0.328438819020499,0.227488612193586,,-0.00044545523667373723
105240,1,-1.266720413428242,-0.01661701221198153,-0.06848463560371515,-0.029537595249999937,0.121961476936806,hyper,0.343738094416548,0.221776617479742,,-0.038213081021898875
105670,11,0.171680572112884,0.002412151789833813,0.002131272079844498,0.003771315039772728,0.104647285137741,hyper,0.449540956926018,0.344893671788277,,0.0027715796364836797
105675,3,-1.4443585645493853,-0.014712226799795189,-0.05198381429308569,-0.05521215281249995,0.106298116333453,hyper,0.254358916342822,0.148060800009369,,-0.040636064635126944
105900,1,-1.1995152672005756,-0.011531073732718888,-0.07255613962848295,-0.02933779056249991,-0.131337177121248,hypo,0.391150359515402,0.52248753663665,,-0.03780833464123392
106528,16,-0.1849522462583219,-0.008314251915832207,-0.011699205613583641,0.0016991629570312517,0.101939790675457,hyper,0.548314520592544,0.446374729917087,,-0.006104764857461534
